participant,session,logfile,block,family,rule,context,trial_role,trial_index,correct_answer,response,is_correct,rt,timeout
p06,1,log_p06_20260918T160901.json,1,expansion,plus_ray,inference,decision,1,same,same,True,4.997876882553101,False
p06,1,log_p06_20260918T160901.json,1,expansion,plus_ray,inference,decision,2,same,same,True,5.621105194091797,False
p06,1,log_p06_20260918T160901.json,1,expansion,plus_ray,inference,decision,3,same,same,True,7.100475549697876,False
p06,1,log_p06_20260918T160901.json,1,expansion,plus_step,inference,decision,4,different,different,True,2.308213233947754,False
p06,1,log_p06_20260918T160901.json,1,expansion,plus_step,inference,decision,5,same,same,True,3.2268173694610596,False
p06,1,log_p06_20260918T160901.json,1,expansion,star_step,inference,decision,6,different,different,True,1.9067857265472412,False
p06,1,log_p06_20260918T160901.json,1,expansion,3_arm_star_ray,inference,decision,7,different,different,True,3.0176315307617188,False
p06,1,log_p06_20260918T160901.json,1,expansion,star_ray,inference,decision,8,different,same,False,8.176478385925293,False
p06,1,log_p06_20260918T160901.json,2,arithmetic,minority_takeover,application,decision,1,different,different,True,3.589412212371826,False
p06,1,log_p06_20260918T160901.json,2,arithmetic,middle_takeover,application,decision,2,different,different,True,6.644415378570557,False
p06,1,log_p06_20260918T160901.json,2,arithmetic,majority_takeover,application,decision,3,same,same,True,4.491740465164185,False
p06,1,log_p06_20260918T160901.json,2,arithmetic,middle_takeover,application,decision,4,different,different,True,3.15490460395813,False
p06,1,log_p06_20260918T160901.json,2,arithmetic,majority_takeover,application,decision,5,same,same,True,2.881906270980835,False
p06,1,log_p06_20260918T160901.json,2,arithmetic,majority_takeover,application,decision,6,same,same,True,5.0567991733551025,False
p06,1,log_p06_20260918T160901.json,2,arithmetic,majority_takeover,application,decision,7,same,same,True,2.5841104984283447,False
p06,1,log_p06_20260918T160901.json,2,arithmetic,minority_takeover,application,decision,8,different,different,True,2.91123628616333,False
p06,1,log_p06_20260918T160901.json,3,recolor,touching_edges_recolor,inference,decision,1,same,same,True,7.037031412124634,False
p06,1,log_p06_20260918T160901.json,3,recolor,color_inversion,inference,decision,2,different,same,False,6.8924572467803955,False
p06,1,log_p06_20260918T160901.json,3,recolor,shape_color_mapping,inference,decision,3,different,different,True,5.723936557769775,False
p06,1,log_p06_20260918T160901.json,3,recolor,shape_color_mapping,inference,decision,4,same,same,True,8.394755125045776,False
p06,1,log_p06_20260918T160901.json,3,recolor,shape_color_mapping,inference,decision,5,same,timeout,False,,True
p06,1,log_p06_20260918T160901.json,3,recolor,touching_edges_recolor,inference,decision,6,different,same,False,6.633444786071777,False
p06,1,log_p06_20260918T160901.json,3,recolor,color_inversion,inference,decision,7,different,different,True,6.064363479614258,False
p06,1,log_p06_20260918T160901.json,3,recolor,color_inversion,inference,decision,8,same,same,True,3.7200162410736084,False
p06,1,log_p06_20260918T160901.json,4,occlusion,occlusion_reversal,application,decision,1,different,different,True,4.781657457351685,False
p06,1,log_p06_20260918T160901.json,4,occlusion,mirror_y,application,decision,2,different,different,True,4.636306285858154,False
p06,1,log_p06_20260918T160901.json,4,occlusion,rotate_90,application,decision,3,same,different,False,6.859444618225098,False
p06,1,log_p06_20260918T160901.json,4,occlusion,rotate_90,application,decision,4,same,different,False,7.610450744628906,False
p06,1,log_p06_20260918T160901.json,4,occlusion,mirror_x,application,decision,5,different,different,True,7.122107267379761,False
p06,1,log_p06_20260918T160901.json,4,occlusion,rotate_90,application,decision,6,same,different,False,7.90499210357666,False
p06,1,log_p06_20260918T160901.json,4,occlusion,rotate_180,application,decision,7,different,different,True,4.712405681610107,False
p06,1,log_p06_20260918T160901.json,4,occlusion,rotate_90,application,decision,8,same,timeout,False,,True
p06,1,log_p06_20260918T160901.json,5,attraction,color_attraction,inference,decision,1,same,same,True,3.2210934162139893,False
p06,1,log_p06_20260918T160901.json,5,attraction,color_attraction,inference,decision,2,same,same,True,2.0282959938049316,False
p06,1,log_p06_20260918T160901.json,5,attraction,size_attraction,inference,decision,3,different,same,False,3.6918466091156006,False
p06,1,log_p06_20260918T160901.json,5,attraction,size_attraction,inference,decision,4,same,same,True,6.7470152378082275,False
p06,1,log_p06_20260918T160901.json,5,attraction,color_repulsion,inference,decision,5,different,same,False,7.930192708969116,False
p06,1,log_p06_20260918T160901.json,5,attraction,color_repulsion,inference,decision,6,same,same,True,7.209226131439209,False
p06,1,log_p06_20260918T160901.json,5,attraction,falling_blocks,inference,decision,7,different,different,True,4.528918743133545,False
p06,1,log_p06_20260918T160901.json,5,attraction,floating_blocks,inference,decision,8,different,different,True,2.5517098903656006,False
p06,2,log_p06_20260918T161920.json,1,expansion,star_ray,application,decision,1,same,same,True,6.7017693519592285,False
p06,2,log_p06_20260918T161920.json,1,expansion,star_step,application,decision,2,different,different,True,1.5571353435516357,False
p06,2,log_p06_20260918T161920.json,1,expansion,star_ray,application,decision,3,same,same,True,9.396076917648315,False
p06,2,log_p06_20260918T161920.json,1,expansion,star_ray,application,decision,4,same,same,True,8.594895124435425,False
p06,2,log_p06_20260918T161920.json,1,expansion,plus_step,application,decision,5,different,different,True,1.3069212436676025,False
p06,2,log_p06_20260918T161920.json,1,expansion,plus_ray,application,decision,6,different,different,True,1.825427532196045,False
p06,2,log_p06_20260918T161920.json,1,expansion,star_ray,application,decision,7,same,same,True,4.073272943496704,False
p06,2,log_p06_20260918T161920.json,1,expansion,3_arm_star_ray,application,decision,8,different,same,False,9.471764326095581,False
p06,2,log_p06_20260918T161920.json,2,arithmetic,minority_takeover,inference,decision,1,same,same,True,4.374100208282471,False
p06,2,log_p06_20260918T161920.json,2,arithmetic,minority_takeover,inference,decision,2,same,same,True,4.261249303817749,False
p06,2,log_p06_20260918T161920.json,2,arithmetic,majority_takeover,inference,decision,3,different,different,True,4.420556545257568,False
p06,2,log_p06_20260918T161920.json,2,arithmetic,majority_takeover,inference,decision,4,same,same,True,5.403313159942627,False
p06,2,log_p06_20260918T161920.json,2,arithmetic,middle_takeover,inference,decision,5,different,different,True,6.386835813522339,False
p06,2,log_p06_20260918T161920.json,2,arithmetic,majority_takeover,inference,decision,6,different,different,True,5.537800073623657,False
p06,2,log_p06_20260918T161920.json,2,arithmetic,minority_takeover,inference,decision,7,different,different,True,2.8007984161376953,False
p06,2,log_p06_20260918T161920.json,2,arithmetic,minority_takeover,inference,decision,8,same,same,True,4.4804933071136475,False
p06,2,log_p06_20260918T161920.json,3,recolor,touching_edges_recolor,application,decision,1,different,same,False,5.8296284675598145,False
p06,2,log_p06_20260918T161920.json,3,recolor,color_inversion,application,decision,2,different,different,True,7.86095929145813,False
p06,2,log_p06_20260918T161920.json,3,recolor,shape_color_mapping,application,decision,3,same,same,True,6.324582099914551,False
p06,2,log_p06_20260918T161920.json,3,recolor,shape_color_mapping,application,decision,4,same,same,True,8.939509153366089,False
p06,2,log_p06_20260918T161920.json,3,recolor,touching_edges_recolor,application,decision,5,different,same,False,7.538400650024414,False
p06,2,log_p06_20260918T161920.json,3,recolor,shape_color_mapping,application,decision,6,same,same,True,9.0821692943573,False
p06,2,log_p06_20260918T161920.json,3,recolor,color_inversion,application,decision,7,different,different,True,5.297607898712158,False
p06,2,log_p06_20260918T161920.json,3,recolor,shape_color_mapping,application,decision,8,same,same,True,6.8802714347839355,False
p06,2,log_p06_20260918T161920.json,4,occlusion,occlusion_reversal,inference,decision,1,same,same,True,3.805943489074707,False
p06,2,log_p06_20260918T161920.json,4,occlusion,mirror_x,inference,decision,2,different,different,True,6.037132263183594,False
p06,2,log_p06_20260918T161920.json,4,occlusion,mirror_x,inference,decision,3,same,different,False,7.692634105682373,False
p06,2,log_p06_20260918T161920.json,4,occlusion,mirror_x,inference,decision,4,same,different,False,6.131782054901123,False
p06,2,log_p06_20260918T161920.json,4,occlusion,mirror_y,inference,decision,5,different,different,True,6.85874080657959,False
p06,2,log_p06_20260918T161920.json,4,occlusion,mirror_y,inference,decision,6,same,same,True,7.449827432632446,False
p06,2,log_p06_20260918T161920.json,4,occlusion,rotate_180,inference,decision,7,different,different,True,7.353216648101807,False
p06,2,log_p06_20260918T161920.json,4,occlusion,rotate_90,inference,decision,8,different,different,True,4.4964189529418945,False
p06,2,log_p06_20260918T161920.json,5,attraction,color_attraction,application,decision,1,different,different,True,3.158100128173828,False
p06,2,log_p06_20260918T161920.json,5,attraction,falling_blocks,application,decision,2,same,same,True,2.229217290878296,False
p06,2,log_p06_20260918T161920.json,5,attraction,falling_blocks,application,decision,3,same,same,True,4.500828981399536,False
p06,2,log_p06_20260918T161920.json,5,attraction,falling_blocks,application,decision,4,same,same,True,2.668090581893921,False
p06,2,log_p06_20260918T161920.json,5,attraction,size_attraction,application,decision,5,different,different,True,2.4113504886627197,False
p06,2,log_p06_20260918T161920.json,5,attraction,floating_blocks,application,decision,6,different,different,True,3.2742583751678467,False
p06,2,log_p06_20260918T161920.json,5,attraction,falling_blocks,application,decision,7,same,same,True,2.706385374069214,False
p06,2,log_p06_20260918T161920.json,5,attraction,color_repulsion,application,decision,8,different,different,True,4.048851251602173,False
p06,3,log_p06_20260918T162942.json,1,arithmetic,minority_takeover,inference,decision,1,same,same,True,3.6640491485595703,False
p06,3,log_p06_20260918T162942.json,1,arithmetic,majority_takeover,inference,decision,2,different,different,True,3.3993496894836426,False
p06,3,log_p06_20260918T162942.json,1,arithmetic,majority_takeover,inference,decision,3,same,same,True,4.302194833755493,False
p06,3,log_p06_20260918T162942.json,1,arithmetic,middle_takeover,inference,decision,4,different,different,True,5.845502138137817,False
p06,3,log_p06_20260918T162942.json,1,arithmetic,middle_takeover,inference,decision,5,same,same,True,3.308541774749756,False
p06,3,log_p06_20260918T162942.json,1,arithmetic,middle_takeover,inference,decision,6,same,same,True,5.211538791656494,False
p06,3,log_p06_20260918T162942.json,1,arithmetic,majority_takeover,inference,decision,7,different,different,True,5.194868803024292,False
p06,3,log_p06_20260918T162942.json,1,arithmetic,minority_takeover,inference,decision,8,different,different,True,4.833900213241577,False
p06,3,log_p06_20260918T162942.json,2,occlusion,rotate_180,application,decision,1,different,different,True,3.535644292831421,False
p06,3,log_p06_20260918T162942.json,2,occlusion,rotate_90,application,decision,2,same,same,True,4.038856506347656,False
p06,3,log_p06_20260918T162942.json,2,occlusion,mirror_y,application,decision,3,different,different,True,5.382402658462524,False
p06,3,log_p06_20260918T162942.json,2,occlusion,occlusion_reversal,application,decision,4,different,different,True,2.341344118118286,False
p06,3,log_p06_20260918T162942.json,2,occlusion,rotate_90,application,decision,5,same,same,True,2.436525583267212,False
p06,3,log_p06_20260918T162942.json,2,occlusion,rotate_90,application,decision,6,same,same,True,2.8361215591430664,False
p06,3,log_p06_20260918T162942.json,2,occlusion,rotate_90,application,decision,7,same,same,True,5.307731628417969,False
p06,3,log_p06_20260918T162942.json,2,occlusion,mirror_x,application,decision,8,different,different,True,2.650132656097412,False
p06,3,log_p06_20260918T162942.json,3,attraction,color_repulsion,inference,decision,1,different,same,False,3.16798734664917,False
p06,3,log_p06_20260918T162942.json,3,attraction,color_repulsion,inference,decision,2,same,same,True,3.6149439811706543,False
p06,3,log_p06_20260918T162942.json,3,attraction,color_repulsion,inference,decision,3,same,same,True,3.646113157272339,False
p06,3,log_p06_20260918T162942.json,3,attraction,floating_blocks,inference,decision,4,different,different,True,4.869438648223877,False
p06,3,log_p06_20260918T162942.json,3,attraction,floating_blocks,inference,decision,5,same,same,True,2.5568764209747314,False
p06,3,log_p06_20260918T162942.json,3,attraction,size_attraction,inference,decision,6,different,different,True,2.3965022563934326,False
p06,3,log_p06_20260918T162942.json,3,attraction,falling_blocks,inference,decision,7,different,different,True,3.011261224746704,False
p06,3,log_p06_20260918T162942.json,3,attraction,falling_blocks,inference,decision,8,same,same,True,1.65073561668396,False
p06,3,log_p06_20260918T162942.json,4,expansion,3_arm_star_ray,application,decision,1,same,same,True,5.4808290004730225,False
p06,3,log_p06_20260918T162942.json,4,expansion,3_arm_star_ray,application,decision,2,same,same,True,5.903331279754639,False
p06,3,log_p06_20260918T162942.json,4,expansion,3_arm_star_ray,application,decision,3,same,same,True,6.75101900100708,False
p06,3,log_p06_20260918T162942.json,4,expansion,plus_step,application,decision,4,different,different,True,1.3100438117980957,False
p06,3,log_p06_20260918T162942.json,4,expansion,star_step,application,decision,5,different,different,True,1.1013174057006836,False
p06,3,log_p06_20260918T162942.json,4,expansion,plus_ray,application,decision,6,different,different,True,1.4040491580963135,False
p06,3,log_p06_20260918T162942.json,4,expansion,3_arm_star_ray,application,decision,7,same,same,True,5.275299787521362,False
p06,3,log_p06_20260918T162942.json,4,expansion,star_ray,application,decision,8,different,different,True,1.4824211597442627,False
p06,3,log_p06_20260918T162942.json,5,recolor,color_inversion,inference,decision,1,different,same,False,4.272036075592041,False
p06,3,log_p06_20260918T162942.json,5,recolor,touching_edges_recolor,inference,decision,2,different,same,False,4.119740724563599,False
p06,3,log_p06_20260918T162942.json,5,recolor,touching_edges_recolor,inference,decision,3,same,same,True,5.318418025970459,False
p06,3,log_p06_20260918T162942.json,5,recolor,color_inversion,inference,decision,4,different,different,True,5.26189923286438,False
p06,3,log_p06_20260918T162942.json,5,recolor,color_inversion,inference,decision,5,same,same,True,4.381587982177734,False
p06,3,log_p06_20260918T162942.json,5,recolor,color_inversion,inference,decision,6,same,same,True,4.084285497665405,False
p06,3,log_p06_20260918T162942.json,5,recolor,shape_color_mapping,inference,decision,7,different,different,True,4.763760089874268,False
p06,3,log_p06_20260918T162942.json,5,recolor,shape_color_mapping,inference,decision,8,same,same,True,7.706747055053711,False
p06,4,log_p06_20260918T164822.json,1,recolor,touching_edges_recolor,application,decision,1,different,different,True,3.458712100982666,False
p06,4,log_p06_20260918T164822.json,1,recolor,shape_color_mapping,application,decision,2,different,different,True,3.8900349140167236,False
p06,4,log_p06_20260918T164822.json,1,recolor,color_inversion,application,decision,3,same,same,True,4.113227605819702,False
p06,4,log_p06_20260918T164822.json,1,recolor,shape_color_mapping,application,decision,4,different,different,True,4.104456186294556,False
p06,4,log_p06_20260918T164822.json,1,recolor,color_inversion,application,decision,5,same,same,True,5.008169651031494,False
p06,4,log_p06_20260918T164822.json,1,recolor,shape_color_mapping,application,decision,6,different,different,True,3.5348007678985596,False
p06,4,log_p06_20260918T164822.json,1,recolor,color_inversion,application,decision,7,same,same,True,3.9740407466888428,False
p06,4,log_p06_20260918T164822.json,1,recolor,color_inversion,application,decision,8,same,same,True,2.901257276535034,False
p06,4,log_p06_20260918T164822.json,2,expansion,star_step,inference,decision,1,same,same,True,2.6672861576080322,False
p06,4,log_p06_20260918T164822.json,2,expansion,star_step,inference,decision,2,same,same,True,2.1624703407287598,False
p06,4,log_p06_20260918T164822.json,2,expansion,3_arm_star_ray,inference,decision,3,different,different,True,1.802091360092163,False
p06,4,log_p06_20260918T164822.json,2,expansion,plus_ray,inference,decision,4,different,different,True,1.3687453269958496,False
p06,4,log_p06_20260918T164822.json,2,expansion,plus_ray,inference,decision,5,same,same,True,1.655846118927002,False
p06,4,log_p06_20260918T164822.json,2,expansion,plus_ray,inference,decision,6,same,same,True,2.2795863151550293,False
p06,4,log_p06_20260918T164822.json,2,expansion,star_ray,inference,decision,7,different,different,True,1.3822402954101562,False
p06,4,log_p06_20260918T164822.json,2,expansion,plus_step,inference,decision,8,different,different,True,1.8933837413787842,False
p06,4,log_p06_20260918T164822.json,3,attraction,color_attraction,application,decision,1,different,same,False,3.32308030128479,False
p06,4,log_p06_20260918T164822.json,3,attraction,floating_blocks,application,decision,2,different,different,True,3.434364080429077,False
p06,4,log_p06_20260918T164822.json,3,attraction,size_attraction,application,decision,3,same,same,True,2.185542583465576,False
p06,4,log_p06_20260918T164822.json,3,attraction,color_repulsion,application,decision,4,different,same,False,3.097116470336914,False
p06,4,log_p06_20260918T164822.json,3,attraction,size_attraction,application,decision,5,same,same,True,2.560286045074463,False
p06,4,log_p06_20260918T164822.json,3,attraction,falling_blocks,application,decision,6,different,different,True,3.455238103866577,False
p06,4,log_p06_20260918T164822.json,3,attraction,size_attraction,application,decision,7,same,same,True,2.7825071811676025,False
p06,4,log_p06_20260918T164822.json,3,attraction,size_attraction,application,decision,8,same,same,True,3.077792167663574,False
p06,4,log_p06_20260918T164822.json,4,occlusion,rotate_90,inference,decision,1,same,same,True,3.6354446411132812,False
p06,4,log_p06_20260918T164822.json,4,occlusion,rotate_180,inference,decision,2,different,different,True,2.506197690963745,False
p06,4,log_p06_20260918T164822.json,4,occlusion,occlusion_reversal,inference,decision,3,different,same,False,3.609713077545166,False
p06,4,log_p06_20260918T164822.json,4,occlusion,occlusion_reversal,inference,decision,4,same,same,True,2.744802713394165,False
p06,4,log_p06_20260918T164822.json,4,occlusion,mirror_y,inference,decision,5,different,different,True,1.8163642883300781,False
p06,4,log_p06_20260918T164822.json,4,occlusion,mirror_x,inference,decision,6,different,same,False,6.247302293777466,False
p06,4,log_p06_20260918T164822.json,4,occlusion,mirror_x,inference,decision,7,same,same,True,5.7022929191589355,False
p06,4,log_p06_20260918T164822.json,4,occlusion,mirror_x,inference,decision,8,same,same,True,4.325584650039673,False
p06,4,log_p06_20260918T164822.json,5,arithmetic,majority_takeover,application,decision,1,different,different,True,3.723355770111084,False
p06,4,log_p06_20260918T164822.json,5,arithmetic,minority_takeover,application,decision,2,different,different,True,1.7467586994171143,False
p06,4,log_p06_20260918T164822.json,5,arithmetic,middle_takeover,application,decision,3,same,same,True,3.834181785583496,False
p06,4,log_p06_20260918T164822.json,5,arithmetic,majority_takeover,application,decision,4,different,different,True,3.0814759731292725,False
p06,4,log_p06_20260918T164822.json,5,arithmetic,majority_takeover,application,decision,5,different,different,True,1.9290544986724854,False
p06,4,log_p06_20260918T164822.json,5,arithmetic,middle_takeover,application,decision,6,same,same,True,3.055636405944824,False
p06,4,log_p06_20260918T164822.json,5,arithmetic,middle_takeover,application,decision,7,same,same,True,3.0707223415374756,False
p06,4,log_p06_20260918T164822.json,5,arithmetic,middle_takeover,application,decision,8,same,same,True,4.101935148239136,False
p06,5,log_p06_20260918T165806.json,1,recolor,shape_color_mapping,inference,decision,1,different,same,False,5.2582221031188965,False
p06,5,log_p06_20260918T165806.json,1,recolor,color_inversion,inference,decision,2,different,different,True,5.3369574546813965,False
p06,5,log_p06_20260918T165806.json,1,recolor,color_inversion,inference,decision,3,same,same,True,3.1763803958892822,False
p06,5,log_p06_20260918T165806.json,1,recolor,touching_edges_recolor,inference,decision,4,different,different,True,3.704143524169922,False
p06,5,log_p06_20260918T165806.json,1,recolor,touching_edges_recolor,inference,decision,5,same,same,True,5.279034852981567,False
p06,5,log_p06_20260918T165806.json,1,recolor,touching_edges_recolor,inference,decision,6,same,different,False,6.190024375915527,False
p06,5,log_p06_20260918T165806.json,1,recolor,shape_color_mapping,inference,decision,7,different,different,True,3.685448408126831,False
p06,5,log_p06_20260918T165806.json,1,recolor,shape_color_mapping,inference,decision,8,same,different,False,8.973127841949463,False
p06,5,log_p06_20260918T165806.json,2,attraction,size_attraction,application,decision,1,same,same,True,2.1463561058044434,False
p06,5,log_p06_20260918T165806.json,2,attraction,color_attraction,application,decision,2,different,same,False,2.44952654838562,False
p06,5,log_p06_20260918T165806.json,2,attraction,falling_blocks,application,decision,3,different,different,True,2.440678834915161,False
p06,5,log_p06_20260918T165806.json,2,attraction,size_attraction,application,decision,4,same,same,True,2.2719321250915527,False
p06,5,log_p06_20260918T165806.json,2,attraction,size_attraction,application,decision,5,same,same,True,1.9837934970855713,False
p06,5,log_p06_20260918T165806.json,2,attraction,floating_blocks,application,decision,6,different,different,True,2.286317825317383,False
p06,5,log_p06_20260918T165806.json,2,attraction,color_repulsion,application,decision,7,different,different,True,2.878079891204834,False
p06,5,log_p06_20260918T165806.json,2,attraction,size_attraction,application,decision,8,same,same,True,1.9406628608703613,False
p06,5,log_p06_20260918T165806.json,3,expansion,plus_ray,inference,decision,1,same,same,True,2.338350772857666,False
p06,5,log_p06_20260918T165806.json,3,expansion,plus_step,inference,decision,2,different,different,True,1.9697201251983643,False
p06,5,log_p06_20260918T165806.json,3,expansion,star_ray,inference,decision,3,different,different,True,3.144770860671997,False
p06,5,log_p06_20260918T165806.json,3,expansion,star_ray,inference,decision,4,same,same,True,3.240959882736206,False
p06,5,log_p06_20260918T165806.json,3,expansion,3_arm_star_ray,inference,decision,5,different,different,True,2.0316312313079834,False
p06,5,log_p06_20260918T165806.json,3,expansion,3_arm_star_ray,inference,decision,6,same,same,True,3.935218334197998,False
p06,5,log_p06_20260918T165806.json,3,expansion,3_arm_star_ray,inference,decision,7,same,same,True,3.045719861984253,False
p06,5,log_p06_20260918T165806.json,3,expansion,star_step,inference,decision,8,different,different,True,1.2933003902435303,False
p06,5,log_p06_20260918T165806.json,4,occlusion,rotate_90,application,decision,1,same,same,True,4.874611139297485,False
p06,5,log_p06_20260918T165806.json,4,occlusion,rotate_180,application,decision,2,different,different,True,5.146287679672241,False
p06,5,log_p06_20260918T165806.json,4,occlusion,occlusion_reversal,application,decision,3,different,different,True,3.449392080307007,False
p06,5,log_p06_20260918T165806.json,4,occlusion,rotate_90,application,decision,4,same,same,True,2.920626640319824,False
p06,5,log_p06_20260918T165806.json,4,occlusion,mirror_y,application,decision,5,different,different,True,5.791480541229248,False
p06,5,log_p06_20260918T165806.json,4,occlusion,rotate_90,application,decision,6,same,same,True,2.854572296142578,False
p06,5,log_p06_20260918T165806.json,4,occlusion,mirror_x,application,decision,7,different,different,True,5.445727109909058,False
p06,5,log_p06_20260918T165806.json,4,occlusion,rotate_90,application,decision,8,same,same,True,6.2694008350372314,False
p06,5,log_p06_20260918T165806.json,5,arithmetic,minority_takeover,inference,decision,1,different,different,True,2.3550591468811035,False
p06,5,log_p06_20260918T165806.json,5,arithmetic,middle_takeover,inference,decision,2,different,different,True,3.4656877517700195,False
p06,5,log_p06_20260918T165806.json,5,arithmetic,middle_takeover,inference,decision,3,same,same,True,2.6889989376068115,False
p06,5,log_p06_20260918T165806.json,5,arithmetic,middle_takeover,inference,decision,4,same,same,True,3.0246198177337646,False
p06,5,log_p06_20260918T165806.json,5,arithmetic,minority_takeover,inference,decision,5,different,different,True,5.631914138793945,False
p06,5,log_p06_20260918T165806.json,5,arithmetic,majority_takeover,inference,decision,6,different,different,True,2.9508635997772217,False
p06,5,log_p06_20260918T165806.json,5,arithmetic,majority_takeover,inference,decision,7,same,same,True,4.566561937332153,False
p06,5,log_p06_20260918T165806.json,5,arithmetic,majority_takeover,inference,decision,8,same,same,True,3.0372424125671387,False
p06,6,log_p06_20260918T170839.json,1,arithmetic,minority_takeover,application,decision,1,same,same,True,3.2114884853363037,False
p06,6,log_p06_20260918T170839.json,1,arithmetic,majority_takeover,application,decision,2,different,different,True,2.106736421585083,False
p06,6,log_p06_20260918T170839.json,1,arithmetic,middle_takeover,application,decision,3,different,different,True,3.4425249099731445,False
p06,6,log_p06_20260918T170839.json,1,arithmetic,minority_takeover,application,decision,4,same,same,True,2.448964834213257,False
p06,6,log_p06_20260918T170839.json,1,arithmetic,majority_takeover,application,decision,5,different,different,True,1.512343406677246,False
p06,6,log_p06_20260918T170839.json,1,arithmetic,minority_takeover,application,decision,6,same,same,True,1.879457950592041,False
p06,6,log_p06_20260918T170839.json,1,arithmetic,middle_takeover,application,decision,7,different,different,True,2.6389756202697754,False
p06,6,log_p06_20260918T170839.json,1,arithmetic,minority_takeover,application,decision,8,same,same,True,2.16595721244812,False
p06,6,log_p06_20260918T170839.json,2,occlusion,rotate_180,inference,decision,1,different,different,True,4.01982307434082,False
p06,6,log_p06_20260918T170839.json,2,occlusion,mirror_x,inference,decision,2,different,same,False,2.650785207748413,False
p06,6,log_p06_20260918T170839.json,2,occlusion,mirror_x,inference,decision,3,same,same,True,3.658160924911499,False
p06,6,log_p06_20260918T170839.json,2,occlusion,mirror_x,inference,decision,4,same,same,True,4.697179794311523,False
p06,6,log_p06_20260918T170839.json,2,occlusion,mirror_x,inference,decision,5,same,same,True,2.944955825805664,False
p06,6,log_p06_20260918T170839.json,2,occlusion,occlusion_reversal,inference,decision,6,different,different,True,3.4159157276153564,False
p06,6,log_p06_20260918T170839.json,2,occlusion,mirror_y,inference,decision,7,different,different,True,3.77555775642395,False
p06,6,log_p06_20260918T170839.json,2,occlusion,mirror_y,inference,decision,8,same,same,True,3.5984227657318115,False
p06,6,log_p06_20260918T170839.json,3,expansion,star_step,application,decision,1,same,same,True,1.9724035263061523,False
p06,6,log_p06_20260918T170839.json,3,expansion,plus_step,application,decision,2,different,different,True,0.8589310646057129,False
p06,6,log_p06_20260918T170839.json,3,expansion,3_arm_star_ray,application,decision,3,different,different,True,0.9781396389007568,False
p06,6,log_p06_20260918T170839.json,3,expansion,star_step,application,decision,4,same,same,True,1.0817255973815918,False
p06,6,log_p06_20260918T170839.json,3,expansion,star_step,application,decision,5,same,same,True,1.336564064025879,False
p06,6,log_p06_20260918T170839.json,3,expansion,star_ray,application,decision,6,different,different,True,0.8957514762878418,False
p06,6,log_p06_20260918T170839.json,3,expansion,plus_ray,application,decision,7,different,different,True,0.8952991962432861,False
p06,6,log_p06_20260918T170839.json,3,expansion,star_step,application,decision,8,same,same,True,0.9821352958679199,False
p06,6,log_p06_20260918T170839.json,4,attraction,falling_blocks,inference,decision,1,same,same,True,1.4597113132476807,False
p06,6,log_p06_20260918T170839.json,4,attraction,color_attraction,inference,decision,2,different,different,True,2.61138916015625,False
p06,6,log_p06_20260918T170839.json,4,attraction,floating_blocks,inference,decision,3,different,different,True,1.9941093921661377,False
p06,6,log_p06_20260918T170839.json,4,attraction,floating_blocks,inference,decision,4,same,same,True,2.14546799659729,False
p06,6,log_p06_20260918T170839.json,4,attraction,size_attraction,inference,decision,5,different,different,True,2.7366578578948975,False
p06,6,log_p06_20260918T170839.json,4,attraction,size_attraction,inference,decision,6,same,same,True,2.2798328399658203,False
p06,6,log_p06_20260918T170839.json,4,attraction,color_repulsion,inference,decision,7,different,same,False,3.6472461223602295,False
p06,6,log_p06_20260918T170839.json,4,attraction,color_repulsion,inference,decision,8,same,different,False,3.638227939605713,False
p06,6,log_p06_20260918T170839.json,5,recolor,color_inversion,application,decision,1,same,same,True,4.683809518814087,False
p06,6,log_p06_20260918T170839.json,5,recolor,touching_edges_recolor,application,decision,2,different,different,True,3.3718743324279785,False
p06,6,log_p06_20260918T170839.json,5,recolor,color_inversion,application,decision,3,same,same,True,5.122885704040527,False
p06,6,log_p06_20260918T170839.json,5,recolor,shape_color_mapping,application,decision,4,different,different,True,3.1701438426971436,False
p06,6,log_p06_20260918T170839.json,5,recolor,shape_color_mapping,application,decision,5,different,different,True,2.6173410415649414,False
p06,6,log_p06_20260918T170839.json,5,recolor,touching_edges_recolor,application,decision,6,different,different,True,4.096424341201782,False
p06,6,log_p06_20260918T170839.json,5,recolor,color_inversion,application,decision,7,same,same,True,2.3192086219787598,False
p06,6,log_p06_20260918T170839.json,5,recolor,color_inversion,application,decision,8,same,same,True,3.1349098682403564,False
p08,1,log_p08_20260925T101856.json,1,attraction,color_attraction,inference,decision,1,same,different,False,8.863762617111206,False
p08,1,log_p08_20260925T101856.json,1,attraction,falling_blocks,inference,decision,2,different,different,True,6.685608625411987,False
p08,1,log_p08_20260925T101856.json,1,attraction,color_repulsion,inference,decision,3,different,timeout,False,,True
p08,1,log_p08_20260925T101856.json,1,attraction,color_repulsion,inference,decision,4,same,same,True,6.036304950714111,False
p08,1,log_p08_20260925T101856.json,1,attraction,color_repulsion,inference,decision,5,same,same,True,4.26780891418457,False
p08,1,log_p08_20260925T101856.json,1,attraction,size_attraction,inference,decision,6,different,different,True,3.7789626121520996,False
p08,1,log_p08_20260925T101856.json,1,attraction,floating_blocks,inference,decision,7,different,same,False,8.481597423553467,False
p08,1,log_p08_20260925T101856.json,1,attraction,floating_blocks,inference,decision,8,same,same,True,3.8732666969299316,False
p08,1,log_p08_20260925T101856.json,2,occlusion,rotate_90,application,decision,1,different,different,True,6.909825801849365,False
p08,1,log_p08_20260925T101856.json,2,occlusion,occlusion_reversal,application,decision,2,same,same,True,3.2527754306793213,False
p08,1,log_p08_20260925T101856.json,2,occlusion,occlusion_reversal,application,decision,3,same,same,True,1.7563395500183105,False
p08,1,log_p08_20260925T101856.json,2,occlusion,mirror_x,application,decision,4,different,different,True,3.434894323348999,False
p08,1,log_p08_20260925T101856.json,2,occlusion,mirror_y,application,decision,5,different,different,True,3.210068702697754,False
p08,1,log_p08_20260925T101856.json,2,occlusion,rotate_180,application,decision,6,different,same,False,3.481281280517578,False
p08,1,log_p08_20260925T101856.json,2,occlusion,occlusion_reversal,application,decision,7,same,same,True,1.840951681137085,False
p08,1,log_p08_20260925T101856.json,2,occlusion,occlusion_reversal,application,decision,8,same,same,True,2.5198216438293457,False
p08,1,log_p08_20260925T101856.json,3,expansion,star_step,inference,decision,1,same,same,True,4.693688869476318,False
p08,1,log_p08_20260925T101856.json,3,expansion,star_step,inference,decision,2,same,same,True,2.356703281402588,False
p08,1,log_p08_20260925T101856.json,3,expansion,star_step,inference,decision,3,same,same,True,2.6118247509002686,False
p08,1,log_p08_20260925T101856.json,3,expansion,plus_ray,inference,decision,4,different,different,True,4.922893285751343,False
p08,1,log_p08_20260925T101856.json,3,expansion,plus_ray,inference,decision,5,same,same,True,5.3388636112213135,False
p08,1,log_p08_20260925T101856.json,3,expansion,3_arm_star_ray,inference,decision,6,different,different,True,2.905480146408081,False
p08,1,log_p08_20260925T101856.json,3,expansion,star_ray,inference,decision,7,different,different,True,2.9451699256896973,False
p08,1,log_p08_20260925T101856.json,3,expansion,plus_step,inference,decision,8,different,different,True,2.4885144233703613,False
p08,1,log_p08_20260925T101856.json,4,arithmetic,middle_takeover,application,decision,1,same,same,True,7.420938014984131,False
p08,1,log_p08_20260925T101856.json,4,arithmetic,minority_takeover,application,decision,2,different,different,True,3.5328116416931152,False
p08,1,log_p08_20260925T101856.json,4,arithmetic,majority_takeover,application,decision,3,different,different,True,4.107272386550903,False
p08,1,log_p08_20260925T101856.json,4,arithmetic,middle_takeover,application,decision,4,same,same,True,5.810596704483032,False
p08,1,log_p08_20260925T101856.json,4,arithmetic,middle_takeover,application,decision,5,same,same,True,4.9456257820129395,False
p08,1,log_p08_20260925T101856.json,4,arithmetic,middle_takeover,application,decision,6,same,same,True,4.953353404998779,False
p08,1,log_p08_20260925T101856.json,4,arithmetic,majority_takeover,application,decision,7,different,different,True,4.776352643966675,False
p08,1,log_p08_20260925T101856.json,4,arithmetic,minority_takeover,application,decision,8,different,different,True,2.3276689052581787,False
p08,1,log_p08_20260925T101856.json,5,recolor,color_inversion,inference,decision,1,same,same,True,4.493043899536133,False
p08,1,log_p08_20260925T101856.json,5,recolor,shape_color_mapping,inference,decision,2,different,different,True,2.3007419109344482,False
p08,1,log_p08_20260925T101856.json,5,recolor,touching_edges_recolor,inference,decision,3,different,different,True,6.787641286849976,False
p08,1,log_p08_20260925T101856.json,5,recolor,color_inversion,inference,decision,4,different,different,True,6.722688913345337,False
p08,1,log_p08_20260925T101856.json,5,recolor,color_inversion,inference,decision,5,same,same,True,3.0743353366851807,False
p08,1,log_p08_20260925T101856.json,5,recolor,color_inversion,inference,decision,6,same,same,True,2.641639232635498,False
p08,1,log_p08_20260925T101856.json,5,recolor,color_inversion,inference,decision,7,same,same,True,2.632798433303833,False
p08,1,log_p08_20260925T101856.json,5,recolor,touching_edges_recolor,inference,decision,8,different,different,True,4.447435617446899,False
p08,2,log_p08_20260925T103006.json,1,recolor,touching_edges_recolor,application,decision,1,same,different,False,4.0008862018585205,False
p08,2,log_p08_20260925T103006.json,1,recolor,shape_color_mapping,application,decision,2,different,different,True,2.976203441619873,False
p08,2,log_p08_20260925T103006.json,1,recolor,touching_edges_recolor,application,decision,3,same,same,True,4.055203914642334,False
p08,2,log_p08_20260925T103006.json,1,recolor,color_inversion,application,decision,4,different,different,True,2.9663071632385254,False
p08,2,log_p08_20260925T103006.json,1,recolor,color_inversion,application,decision,5,different,different,True,1.6938388347625732,False
p08,2,log_p08_20260925T103006.json,1,recolor,touching_edges_recolor,application,decision,6,same,same,True,3.8773155212402344,False
p08,2,log_p08_20260925T103006.json,1,recolor,touching_edges_recolor,application,decision,7,same,same,True,5.66828465461731,False
p08,2,log_p08_20260925T103006.json,1,recolor,shape_color_mapping,application,decision,8,different,different,True,3.2593812942504883,False
p08,2,log_p08_20260925T103006.json,2,arithmetic,middle_takeover,inference,decision,1,different,different,True,4.8248374462127686,False
p08,2,log_p08_20260925T103006.json,2,arithmetic,middle_takeover,inference,decision,2,same,same,True,3.528097152709961,False
p08,2,log_p08_20260925T103006.json,2,arithmetic,middle_takeover,inference,decision,3,same,same,True,2.8558149337768555,False
p08,2,log_p08_20260925T103006.json,2,arithmetic,minority_takeover,inference,decision,4,different,different,True,3.2949063777923584,False
p08,2,log_p08_20260925T103006.json,2,arithmetic,minority_takeover,inference,decision,5,same,same,True,3.197685956954956,False
p08,2,log_p08_20260925T103006.json,2,arithmetic,majority_takeover,inference,decision,6,different,different,True,5.093411922454834,False
p08,2,log_p08_20260925T103006.json,2,arithmetic,majority_takeover,inference,decision,7,same,same,True,3.9646966457366943,False
p08,2,log_p08_20260925T103006.json,2,arithmetic,minority_takeover,inference,decision,8,different,different,True,6.107542514801025,False
p08,2,log_p08_20260925T103006.json,3,attraction,color_attraction,application,decision,1,different,different,True,2.425053834915161,False
p08,2,log_p08_20260925T103006.json,3,attraction,color_repulsion,application,decision,2,different,different,True,1.3602337837219238,False
p08,2,log_p08_20260925T103006.json,3,attraction,falling_blocks,application,decision,3,same,same,True,2.223407745361328,False
p08,2,log_p08_20260925T103006.json,3,attraction,size_attraction,application,decision,4,different,different,True,1.2147548198699951,False
p08,2,log_p08_20260925T103006.json,3,attraction,falling_blocks,application,decision,5,same,same,True,3.125816583633423,False
p08,2,log_p08_20260925T103006.json,3,attraction,falling_blocks,application,decision,6,same,same,True,2.181095838546753,False
p08,2,log_p08_20260925T103006.json,3,attraction,falling_blocks,application,decision,7,same,same,True,2.980165481567383,False
p08,2,log_p08_20260925T103006.json,3,attraction,floating_blocks,application,decision,8,different,different,True,2.0758121013641357,False
p08,2,log_p08_20260925T103006.json,4,occlusion,rotate_90,inference,decision,1,different,different,True,5.929248571395874,False
p08,2,log_p08_20260925T103006.json,4,occlusion,mirror_x,inference,decision,2,different,same,False,8.544327974319458,False
p08,2,log_p08_20260925T103006.json,4,occlusion,mirror_x,inference,decision,3,same,same,True,7.6954851150512695,False
p08,2,log_p08_20260925T103006.json,4,occlusion,mirror_y,inference,decision,4,different,same,False,6.119333744049072,False
p08,2,log_p08_20260925T103006.json,4,occlusion,mirror_y,inference,decision,5,same,same,True,6.893954753875732,False
p08,2,log_p08_20260925T103006.json,4,occlusion,mirror_y,inference,decision,6,same,same,True,3.0137319564819336,False
p08,2,log_p08_20260925T103006.json,4,occlusion,occlusion_reversal,inference,decision,7,different,different,True,6.189080238342285,False
p08,2,log_p08_20260925T103006.json,4,occlusion,occlusion_reversal,inference,decision,8,same,same,True,2.2595837116241455,False
p08,2,log_p08_20260925T103006.json,5,expansion,star_ray,application,decision,1,different,different,True,2.241727590560913,False
p08,2,log_p08_20260925T103006.json,5,expansion,star_step,application,decision,2,different,different,True,0.6329665184020996,False
p08,2,log_p08_20260925T103006.json,5,expansion,plus_ray,application,decision,3,same,same,True,3.239854097366333,False
p08,2,log_p08_20260925T103006.json,5,expansion,plus_ray,application,decision,4,same,same,True,4.183183431625366,False
p08,2,log_p08_20260925T103006.json,5,expansion,plus_step,application,decision,5,different,different,True,1.6307427883148193,False
p08,2,log_p08_20260925T103006.json,5,expansion,plus_ray,application,decision,6,same,same,True,5.542007923126221,False
p08,2,log_p08_20260925T103006.json,5,expansion,3_arm_star_ray,application,decision,7,different,different,True,1.7884948253631592,False
p08,2,log_p08_20260925T103006.json,5,expansion,plus_ray,application,decision,8,same,same,True,3.6837573051452637,False
p08,3,log_p08_20260925T104001.json,1,expansion,3_arm_star_ray,inference,decision,1,same,same,True,7.39908242225647,False
p08,3,log_p08_20260925T104001.json,1,expansion,plus_step,inference,decision,2,different,different,True,1.7583181858062744,False
p08,3,log_p08_20260925T104001.json,1,expansion,plus_step,inference,decision,3,same,same,True,4.053867816925049,False
p08,3,log_p08_20260925T104001.json,1,expansion,star_ray,inference,decision,4,different,different,True,3.7814853191375732,False
p08,3,log_p08_20260925T104001.json,1,expansion,star_ray,inference,decision,5,same,same,True,4.90802788734436,False
p08,3,log_p08_20260925T104001.json,1,expansion,plus_ray,inference,decision,6,different,different,True,1.635890007019043,False
p08,3,log_p08_20260925T104001.json,1,expansion,star_step,inference,decision,7,different,different,True,1.498861312866211,False
p08,3,log_p08_20260925T104001.json,1,expansion,star_step,inference,decision,8,same,same,True,1.4897656440734863,False
p08,3,log_p08_20260925T104001.json,2,arithmetic,majority_takeover,application,decision,1,different,different,True,2.680527925491333,False
p08,3,log_p08_20260925T104001.json,2,arithmetic,minority_takeover,application,decision,2,same,same,True,2.7910091876983643,False
p08,3,log_p08_20260925T104001.json,2,arithmetic,minority_takeover,application,decision,3,same,same,True,3.0940749645233154,False
p08,3,log_p08_20260925T104001.json,2,arithmetic,middle_takeover,application,decision,4,different,different,True,2.74932861328125,False
p08,3,log_p08_20260925T104001.json,2,arithmetic,middle_takeover,application,decision,5,different,different,True,5.404775381088257,False
p08,3,log_p08_20260925T104001.json,2,arithmetic,minority_takeover,application,decision,6,same,same,True,6.56338095664978,False
p08,3,log_p08_20260925T104001.json,2,arithmetic,minority_takeover,application,decision,7,same,same,True,4.8511271476745605,False
p08,3,log_p08_20260925T104001.json,2,arithmetic,majority_takeover,application,decision,8,different,different,True,4.705837965011597,False
p08,3,log_p08_20260925T104001.json,3,attraction,color_attraction,inference,decision,1,same,same,True,1.968127965927124,False
p08,3,log_p08_20260925T104001.json,3,attraction,size_attraction,inference,decision,2,different,same,False,4.990811347961426,False
p08,3,log_p08_20260925T104001.json,3,attraction,size_attraction,inference,decision,3,same,different,False,9.989850044250488,False
p08,3,log_p08_20260925T104001.json,3,attraction,falling_blocks,inference,decision,4,different,different,True,0.000720977783203125,False
p08,3,log_p08_20260925T104001.json,3,attraction,color_repulsion,inference,decision,5,different,different,True,1.6525025367736816,False
p08,3,log_p08_20260925T104001.json,3,attraction,color_repulsion,inference,decision,6,same,same,True,7.012264013290405,False
p08,3,log_p08_20260925T104001.json,3,attraction,color_repulsion,inference,decision,7,same,same,True,2.6270627975463867,False
p08,3,log_p08_20260925T104001.json,3,attraction,floating_blocks,inference,decision,8,different,different,True,3.002673387527466,False
p08,3,log_p08_20260925T104001.json,4,occlusion,mirror_y,application,decision,1,same,same,True,4.551714658737183,False
p08,3,log_p08_20260925T104001.json,4,occlusion,mirror_y,application,decision,2,same,same,True,5.399108648300171,False
p08,3,log_p08_20260925T104001.json,4,occlusion,rotate_180,application,decision,3,different,different,True,3.24636173248291,False
p08,3,log_p08_20260925T104001.json,4,occlusion,occlusion_reversal,application,decision,4,different,different,True,1.9417314529418945,False
p08,3,log_p08_20260925T104001.json,4,occlusion,mirror_y,application,decision,5,same,same,True,3.9972083568573,False
p08,3,log_p08_20260925T104001.json,4,occlusion,rotate_90,application,decision,6,different,different,True,3.0683271884918213,False
p08,3,log_p08_20260925T104001.json,4,occlusion,mirror_y,application,decision,7,same,same,True,4.635556936264038,False
p08,3,log_p08_20260925T104001.json,4,occlusion,mirror_x,application,decision,8,different,same,False,6.930908918380737,False
p08,3,log_p08_20260925T104001.json,5,recolor,color_inversion,inference,decision,1,different,different,True,5.079969167709351,False
p08,3,log_p08_20260925T104001.json,5,recolor,color_inversion,inference,decision,2,same,same,True,3.359027862548828,False
p08,3,log_p08_20260925T104001.json,5,recolor,color_inversion,inference,decision,3,same,same,True,3.35884428024292,False
p08,3,log_p08_20260925T104001.json,5,recolor,shape_color_mapping,inference,decision,4,different,different,True,9.237468004226685,False
p08,3,log_p08_20260925T104001.json,5,recolor,shape_color_mapping,inference,decision,5,same,timeout,False,,True
p08,3,log_p08_20260925T104001.json,5,recolor,shape_color_mapping,inference,decision,6,same,same,True,6.740545272827148,False
p08,3,log_p08_20260925T104001.json,5,recolor,touching_edges_recolor,inference,decision,7,different,different,True,7.043182373046875,False
p08,3,log_p08_20260925T104001.json,5,recolor,color_inversion,inference,decision,8,different,different,True,5.546951055526733,False
p08,4,log_p08_20260925T105828.json,1,recolor,shape_color_mapping,application,decision,1,same,same,True,6.407991170883179,False
p08,4,log_p08_20260925T105828.json,1,recolor,shape_color_mapping,application,decision,2,same,different,False,6.734838962554932,False
p08,4,log_p08_20260925T105828.json,1,recolor,color_inversion,application,decision,3,different,different,True,8.69408917427063,False
p08,4,log_p08_20260925T105828.json,1,recolor,touching_edges_recolor,application,decision,4,different,different,True,3.3330955505371094,False
p08,4,log_p08_20260925T105828.json,1,recolor,touching_edges_recolor,application,decision,5,different,same,False,8.020570993423462,False
p08,4,log_p08_20260925T105828.json,1,recolor,shape_color_mapping,application,decision,6,same,same,True,7.63551664352417,False
p08,4,log_p08_20260925T105828.json,1,recolor,color_inversion,application,decision,7,different,different,True,2.643524408340454,False
p08,4,log_p08_20260925T105828.json,1,recolor,shape_color_mapping,application,decision,8,same,different,False,4.354119777679443,False
p08,4,log_p08_20260925T105828.json,2,arithmetic,minority_takeover,inference,decision,1,same,same,True,5.151906967163086,False
p08,4,log_p08_20260925T105828.json,2,arithmetic,majority_takeover,inference,decision,2,different,different,True,5.511553049087524,False
p08,4,log_p08_20260925T105828.json,2,arithmetic,majority_takeover,inference,decision,3,same,same,True,3.1988027095794678,False
p08,4,log_p08_20260925T105828.json,2,arithmetic,middle_takeover,inference,decision,4,different,different,True,6.62133264541626,False
p08,4,log_p08_20260925T105828.json,2,arithmetic,minority_takeover,inference,decision,5,different,different,True,3.4925122261047363,False
p08,4,log_p08_20260925T105828.json,2,arithmetic,majority_takeover,inference,decision,6,different,different,True,6.580112934112549,False
p08,4,log_p08_20260925T105828.json,2,arithmetic,majority_takeover,inference,decision,7,same,same,True,5.5952675342559814,False
p08,4,log_p08_20260925T105828.json,2,arithmetic,majority_takeover,inference,decision,8,same,same,True,6.210263013839722,False
p08,4,log_p08_20260925T105828.json,3,attraction,color_attraction,application,decision,1,different,different,True,6.304066181182861,False
p08,4,log_p08_20260925T105828.json,3,attraction,falling_blocks,application,decision,2,different,different,True,2.1030821800231934,False
p08,4,log_p08_20260925T105828.json,3,attraction,size_attraction,application,decision,3,same,same,True,4.366564989089966,False
p08,4,log_p08_20260925T105828.json,3,attraction,color_repulsion,application,decision,4,different,different,True,4.846127510070801,False
p08,4,log_p08_20260925T105828.json,3,attraction,size_attraction,application,decision,5,same,same,True,4.165002346038818,False
p08,4,log_p08_20260925T105828.json,3,attraction,size_attraction,application,decision,6,same,same,True,4.20414924621582,False
p08,4,log_p08_20260925T105828.json,3,attraction,size_attraction,application,decision,7,same,same,True,4.939359903335571,False
p08,4,log_p08_20260925T105828.json,3,attraction,floating_blocks,application,decision,8,different,different,True,3.0984365940093994,False
p08,4,log_p08_20260925T105828.json,4,occlusion,mirror_x,inference,decision,1,different,different,True,3.520066261291504,False
p08,4,log_p08_20260925T105828.json,4,occlusion,rotate_180,inference,decision,2,different,different,True,3.463512897491455,False
p08,4,log_p08_20260925T105828.json,4,occlusion,rotate_180,inference,decision,3,same,same,True,1.9184768199920654,False
p08,4,log_p08_20260925T105828.json,4,occlusion,occlusion_reversal,inference,decision,4,different,different,True,4.077723503112793,False
p08,4,log_p08_20260925T105828.json,4,occlusion,occlusion_reversal,inference,decision,5,same,same,True,3.1095380783081055,False
p08,4,log_p08_20260925T105828.json,4,occlusion,occlusion_reversal,inference,decision,6,same,same,True,3.42806077003479,False
p08,4,log_p08_20260925T105828.json,4,occlusion,occlusion_reversal,inference,decision,7,same,same,True,5.39527440071106,False
p08,4,log_p08_20260925T105828.json,4,occlusion,mirror_y,inference,decision,8,different,different,True,3.218719720840454,False
p08,4,log_p08_20260925T105828.json,5,expansion,star_ray,application,decision,1,different,different,True,6.576642036437988,False
p08,4,log_p08_20260925T105828.json,5,expansion,3_arm_star_ray,application,decision,2,same,same,True,3.479395627975464,False
p08,4,log_p08_20260925T105828.json,5,expansion,3_arm_star_ray,application,decision,3,same,same,True,2.6705918312072754,False
p08,4,log_p08_20260925T105828.json,5,expansion,3_arm_star_ray,application,decision,4,same,same,True,1.9905128479003906,False
p08,4,log_p08_20260925T105828.json,5,expansion,plus_step,application,decision,5,different,different,True,2.9251043796539307,False
p08,4,log_p08_20260925T105828.json,5,expansion,plus_ray,application,decision,6,different,different,True,2.204249620437622,False
p08,4,log_p08_20260925T105828.json,5,expansion,star_step,application,decision,7,different,different,True,1.395564079284668,False
p08,4,log_p08_20260925T105828.json,5,expansion,3_arm_star_ray,application,decision,8,same,same,True,1.5067436695098877,False
p08,5,log_p08_20260925T110832.json,1,arithmetic,middle_takeover,inference,decision,1,different,different,True,7.00594162940979,False
p08,5,log_p08_20260925T110832.json,1,arithmetic,majority_takeover,inference,decision,2,different,different,True,3.3492863178253174,False
p08,5,log_p08_20260925T110832.json,1,arithmetic,majority_takeover,inference,decision,3,same,same,True,5.6842200756073,False
p08,5,log_p08_20260925T110832.json,1,arithmetic,minority_takeover,inference,decision,4,different,different,True,3.8193845748901367,False
p08,5,log_p08_20260925T110832.json,1,arithmetic,minority_takeover,inference,decision,5,same,same,True,2.202131509780884,False
p08,5,log_p08_20260925T110832.json,1,arithmetic,minority_takeover,inference,decision,6,same,same,True,2.23368239402771,False
p08,5,log_p08_20260925T110832.json,1,arithmetic,minority_takeover,inference,decision,7,same,same,True,5.593012809753418,False
p08,5,log_p08_20260925T110832.json,1,arithmetic,majority_takeover,inference,decision,8,different,different,True,3.6156578063964844,False
p08,5,log_p08_20260925T110832.json,2,occlusion,occlusion_reversal,application,decision,1,different,different,True,7.797400951385498,False
p08,5,log_p08_20260925T110832.json,2,occlusion,mirror_x,application,decision,2,same,same,True,3.7729976177215576,False
p08,5,log_p08_20260925T110832.json,2,occlusion,mirror_x,application,decision,3,same,same,True,9.099823713302612,False
p08,5,log_p08_20260925T110832.json,2,occlusion,mirror_x,application,decision,4,same,same,True,6.667312145233154,False
p08,5,log_p08_20260925T110832.json,2,occlusion,mirror_y,application,decision,5,different,different,True,3.970456600189209,False
p08,5,log_p08_20260925T110832.json,2,occlusion,rotate_90,application,decision,6,different,different,True,3.0819480419158936,False
p08,5,log_p08_20260925T110832.json,2,occlusion,mirror_x,application,decision,7,same,same,True,6.61731743812561,False
p08,5,log_p08_20260925T110832.json,2,occlusion,rotate_180,application,decision,8,different,same,False,8.024017810821533,False
p08,5,log_p08_20260925T110832.json,3,recolor,touching_edges_recolor,inference,decision,1,different,different,True,5.702221632003784,False
p08,5,log_p08_20260925T110832.json,3,recolor,touching_edges_recolor,inference,decision,2,same,different,False,9.076781272888184,False
p08,5,log_p08_20260925T110832.json,3,recolor,shape_color_mapping,inference,decision,3,different,same,False,6.900511741638184,False
p08,5,log_p08_20260925T110832.json,3,recolor,color_inversion,inference,decision,4,different,different,True,1.6516177654266357,False
p08,5,log_p08_20260925T110832.json,3,recolor,color_inversion,inference,decision,5,same,same,True,5.090420246124268,False
p08,5,log_p08_20260925T110832.json,3,recolor,color_inversion,inference,decision,6,same,same,True,4.185484886169434,False
p08,5,log_p08_20260925T110832.json,3,recolor,shape_color_mapping,inference,decision,7,different,different,True,3.7211217880249023,False
p08,5,log_p08_20260925T110832.json,3,recolor,shape_color_mapping,inference,decision,8,same,different,False,5.056813716888428,False
p08,5,log_p08_20260925T110832.json,4,attraction,falling_blocks,application,decision,1,same,same,True,1.9418916702270508,False
p08,5,log_p08_20260925T110832.json,4,attraction,floating_blocks,application,decision,2,different,different,True,1.037550926208496,False
p08,5,log_p08_20260925T110832.json,4,attraction,falling_blocks,application,decision,3,same,same,True,1.6845660209655762,False
p08,5,log_p08_20260925T110832.json,4,attraction,size_attraction,application,decision,4,different,different,True,1.9876039028167725,False
p08,5,log_p08_20260925T110832.json,4,attraction,falling_blocks,application,decision,5,same,same,True,1.9153099060058594,False
p08,5,log_p08_20260925T110832.json,4,attraction,color_attraction,application,decision,6,different,different,True,2.70632266998291,False
p08,5,log_p08_20260925T110832.json,4,attraction,falling_blocks,application,decision,7,same,same,True,5.664988994598389,False
p08,5,log_p08_20260925T110832.json,4,attraction,color_repulsion,application,decision,8,different,same,False,0.00164794921875,False
p08,5,log_p08_20260925T110832.json,5,expansion,plus_step,inference,decision,1,same,same,True,3.342548370361328,False
p08,5,log_p08_20260925T110832.json,5,expansion,3_arm_star_ray,inference,decision,2,different,different,True,1.5972399711608887,False
p08,5,log_p08_20260925T110832.json,5,expansion,3_arm_star_ray,inference,decision,3,same,same,True,3.564389228820801,False
p08,5,log_p08_20260925T110832.json,5,expansion,star_ray,inference,decision,4,different,different,True,1.3562769889831543,False
p08,5,log_p08_20260925T110832.json,5,expansion,star_step,inference,decision,5,different,different,True,2.8591697216033936,False
p08,5,log_p08_20260925T110832.json,5,expansion,plus_ray,inference,decision,6,different,different,True,1.4747118949890137,False
p08,5,log_p08_20260925T110832.json,5,expansion,plus_ray,inference,decision,7,same,same,True,1.9299702644348145,False
p08,5,log_p08_20260925T110832.json,5,expansion,plus_ray,inference,decision,8,same,same,True,1.1524829864501953,False
p08,6,log_p08_20260925T112056.json,1,recolor,color_inversion,application,decision,1,different,different,True,4.246955394744873,False
p08,6,log_p08_20260925T112056.json,1,recolor,touching_edges_recolor,application,decision,2,same,different,False,0.9423315525054932,False
p08,6,log_p08_20260925T112056.json,1,recolor,shape_color_mapping,application,decision,3,different,different,True,2.837995767593384,False
p08,6,log_p08_20260925T112056.json,1,recolor,color_inversion,application,decision,4,different,different,True,1.7402417659759521,False
p08,6,log_p08_20260925T112056.json,1,recolor,touching_edges_recolor,application,decision,5,same,different,False,3.6040830612182617,False
p08,6,log_p08_20260925T112056.json,1,recolor,color_inversion,application,decision,6,different,different,True,3.65872859954834,False
p08,6,log_p08_20260925T112056.json,1,recolor,touching_edges_recolor,application,decision,7,same,same,True,2.954235553741455,False
p08,6,log_p08_20260925T112056.json,1,recolor,touching_edges_recolor,application,decision,8,same,different,False,2.689682722091675,False
p08,6,log_p08_20260925T112056.json,2,occlusion,rotate_90,inference,decision,1,same,same,True,6.0468785762786865,False
p08,6,log_p08_20260925T112056.json,2,occlusion,rotate_90,inference,decision,2,same,same,True,3.2383878231048584,False
p08,6,log_p08_20260925T112056.json,2,occlusion,mirror_y,inference,decision,3,different,different,True,2.821568489074707,False
p08,6,log_p08_20260925T112056.json,2,occlusion,rotate_180,inference,decision,4,different,different,True,8.020626306533813,False
p08,6,log_p08_20260925T112056.json,2,occlusion,rotate_180,inference,decision,5,same,different,False,6.772213935852051,False
p08,6,log_p08_20260925T112056.json,2,occlusion,occlusion_reversal,inference,decision,6,different,different,True,5.547605037689209,False
p08,6,log_p08_20260925T112056.json,2,occlusion,mirror_x,inference,decision,7,different,different,True,2.2025535106658936,False
p08,6,log_p08_20260925T112056.json,2,occlusion,mirror_x,inference,decision,8,same,same,True,6.433377981185913,False
p08,6,log_p08_20260925T112056.json,3,expansion,star_step,application,decision,1,different,different,True,1.311354160308838,False
p08,6,log_p08_20260925T112056.json,3,expansion,plus_ray,application,decision,2,different,different,True,0.9110836982727051,False
p08,6,log_p08_20260925T112056.json,3,expansion,star_ray,application,decision,3,same,same,True,3.493415594100952,False
p08,6,log_p08_20260925T112056.json,3,expansion,3_arm_star_ray,application,decision,4,different,different,True,1.4367098808288574,False
p08,6,log_p08_20260925T112056.json,3,expansion,star_ray,application,decision,5,same,same,True,2.595897674560547,False
p08,6,log_p08_20260925T112056.json,3,expansion,plus_step,application,decision,6,different,different,True,1.9553864002227783,False
p08,6,log_p08_20260925T112056.json,3,expansion,star_ray,application,decision,7,same,same,True,1.8670291900634766,False
p08,6,log_p08_20260925T112056.json,3,expansion,star_ray,application,decision,8,same,same,True,2.017716646194458,False
p08,6,log_p08_20260925T112056.json,4,attraction,size_attraction,inference,decision,1,different,different,True,1.5753600597381592,False
p08,6,log_p08_20260925T112056.json,4,attraction,size_attraction,inference,decision,2,same,same,True,3.1507985591888428,False
p08,6,log_p08_20260925T112056.json,4,attraction,floating_blocks,inference,decision,3,different,different,True,3.462024211883545,False
p08,6,log_p08_20260925T112056.json,4,attraction,floating_blocks,inference,decision,4,same,same,True,3.133291721343994,False
p08,6,log_p08_20260925T112056.json,4,attraction,floating_blocks,inference,decision,5,same,same,True,3.115910291671753,False
p08,6,log_p08_20260925T112056.json,4,attraction,floating_blocks,inference,decision,6,same,same,True,2.3559229373931885,False
p08,6,log_p08_20260925T112056.json,4,attraction,color_repulsion,inference,decision,7,different,same,False,6.378640651702881,False
p08,6,log_p08_20260925T112056.json,4,attraction,color_attraction,inference,decision,8,different,different,True,2.225658655166626,False
p08,6,log_p08_20260925T112056.json,5,arithmetic,minority_takeover,application,decision,1,same,same,True,5.264098167419434,False
p08,6,log_p08_20260925T112056.json,5,arithmetic,minority_takeover,application,decision,2,same,same,True,1.2628772258758545,False
p08,6,log_p08_20260925T112056.json,5,arithmetic,minority_takeover,application,decision,3,same,same,True,1.6699731349945068,False
p08,6,log_p08_20260925T112056.json,5,arithmetic,majority_takeover,application,decision,4,different,different,True,3.5816843509674072,False
p08,6,log_p08_20260925T112056.json,5,arithmetic,middle_takeover,application,decision,5,different,different,True,3.1484851837158203,False
p08,6,log_p08_20260925T112056.json,5,arithmetic,middle_takeover,application,decision,6,different,different,True,6.028516054153442,False
p08,6,log_p08_20260925T112056.json,5,arithmetic,minority_takeover,application,decision,7,same,same,True,4.514855146408081,False
p08,6,log_p08_20260925T112056.json,5,arithmetic,majority_takeover,application,decision,8,different,different,True,6.530011177062988,False
p08,7,log_p08_20260925T113228.json,1,attraction,size_attraction,inference,decision,1,same,same,True,2.2716658115386963,False
p08,7,log_p08_20260925T113228.json,1,attraction,falling_blocks,inference,decision,2,different,different,True,2.5266780853271484,False
p08,7,log_p08_20260925T113228.json,1,attraction,color_repulsion,inference,decision,3,different,different,True,2.878267765045166,False
p08,7,log_p08_20260925T113228.json,1,attraction,color_repulsion,inference,decision,4,same,same,True,5.477813959121704,False
p08,7,log_p08_20260925T113228.json,1,attraction,floating_blocks,inference,decision,5,different,different,True,3.460871696472168,False
p08,7,log_p08_20260925T113228.json,1,attraction,color_attraction,inference,decision,6,different,different,True,4.043799638748169,False
p08,7,log_p08_20260925T113228.json,1,attraction,color_attraction,inference,decision,7,same,same,True,4.539419412612915,False
p08,7,log_p08_20260925T113228.json,1,attraction,color_attraction,inference,decision,8,same,same,True,4.754216194152832,False
p08,7,log_p08_20260925T113228.json,2,expansion,star_step,application,decision,1,same,same,True,2.2003097534179688,False
p08,7,log_p08_20260925T113228.json,2,expansion,star_ray,application,decision,2,different,different,True,2.2871010303497314,False
p08,7,log_p08_20260925T113228.json,2,expansion,star_step,application,decision,3,same,same,True,1.0862395763397217,False
p08,7,log_p08_20260925T113228.json,2,expansion,plus_step,application,decision,4,different,different,True,1.397784948348999,False
p08,7,log_p08_20260925T113228.json,2,expansion,plus_ray,application,decision,5,different,different,True,1.076611042022705,False
p08,7,log_p08_20260925T113228.json,2,expansion,star_step,application,decision,6,same,same,True,1.4041392803192139,False
p08,7,log_p08_20260925T113228.json,2,expansion,star_step,application,decision,7,same,same,True,0.0007791519165039062,False
p08,7,log_p08_20260925T113228.json,2,expansion,3_arm_star_ray,application,decision,8,different,different,True,1.8985657691955566,False
p08,7,log_p08_20260925T113228.json,3,occlusion,rotate_180,inference,decision,1,different,different,True,4.352400302886963,False
p08,7,log_p08_20260925T113228.json,3,occlusion,mirror_y,inference,decision,2,different,different,True,4.471127271652222,False
p08,7,log_p08_20260925T113228.json,3,occlusion,mirror_y,inference,decision,3,same,same,True,4.694549083709717,False
p08,7,log_p08_20260925T113228.json,3,occlusion,occlusion_reversal,inference,decision,4,different,different,True,3.405548572540283,False
p08,7,log_p08_20260925T113228.json,3,occlusion,occlusion_reversal,inference,decision,5,same,same,True,1.8136427402496338,False
p08,7,log_p08_20260925T113228.json,3,occlusion,rotate_90,inference,decision,6,different,same,False,3.89994215965271,False
p08,7,log_p08_20260925T113228.json,3,occlusion,rotate_90,inference,decision,7,same,same,True,4.131802797317505,False
p08,7,log_p08_20260925T113228.json,3,occlusion,rotate_90,inference,decision,8,same,same,True,5.114748001098633,False
p08,7,log_p08_20260925T113228.json,4,arithmetic,majority_takeover,application,decision,1,same,same,True,3.5201940536499023,False
p08,7,log_p08_20260925T113228.json,4,arithmetic,minority_takeover,application,decision,2,different,different,True,3.6631288528442383,False
p08,7,log_p08_20260925T113228.json,4,arithmetic,majority_takeover,application,decision,3,same,same,True,1.0868360996246338,False
p08,7,log_p08_20260925T113228.json,4,arithmetic,middle_takeover,application,decision,4,different,different,True,2.541555643081665,False
p08,7,log_p08_20260925T113228.json,4,arithmetic,majority_takeover,application,decision,5,same,same,True,2.2451283931732178,False
p08,7,log_p08_20260925T113228.json,4,arithmetic,middle_takeover,application,decision,6,different,different,True,2.004152774810791,False
p08,7,log_p08_20260925T113228.json,4,arithmetic,middle_takeover,application,decision,7,different,different,True,3.2996010780334473,False
p08,7,log_p08_20260925T113228.json,4,arithmetic,majority_takeover,application,decision,8,same,same,True,4.130897045135498,False
p08,7,log_p08_20260925T113228.json,5,recolor,touching_edges_recolor,inference,decision,1,same,same,True,5.072653532028198,False
p08,7,log_p08_20260925T113228.json,5,recolor,touching_edges_recolor,inference,decision,2,same,same,True,1.2798874378204346,False
p08,7,log_p08_20260925T113228.json,5,recolor,color_inversion,inference,decision,3,different,different,True,2.6465353965759277,False
p08,7,log_p08_20260925T113228.json,5,recolor,shape_color_mapping,inference,decision,4,different,different,True,2.9178051948547363,False
p08,7,log_p08_20260925T113228.json,5,recolor,color_inversion,inference,decision,5,different,different,True,5.429711818695068,False
p08,7,log_p08_20260925T113228.json,5,recolor,color_inversion,inference,decision,6,same,different,False,2.660186529159546,False
p08,7,log_p08_20260925T113228.json,5,recolor,shape_color_mapping,inference,decision,7,different,different,True,4.07560920715332,False
p08,7,log_p08_20260925T113228.json,5,recolor,shape_color_mapping,inference,decision,8,same,same,True,5.107131719589233,False
p08,8,log_p08_20260925T114341.json,1,attraction,size_attraction,application,decision,1,same,same,True,2.965366840362549,False
p08,8,log_p08_20260925T114341.json,1,attraction,size_attraction,application,decision,2,same,same,True,3.4210236072540283,False
p08,8,log_p08_20260925T114341.json,1,attraction,floating_blocks,application,decision,3,different,different,True,2.8037209510803223,False
p08,8,log_p08_20260925T114341.json,1,attraction,size_attraction,application,decision,4,same,same,True,2.88338565826416,False
p08,8,log_p08_20260925T114341.json,1,attraction,size_attraction,application,decision,5,same,same,True,2.8183188438415527,False
p08,8,log_p08_20260925T114341.json,1,attraction,color_attraction,application,decision,6,different,different,True,7.097490549087524,False
p08,8,log_p08_20260925T114341.json,1,attraction,color_repulsion,application,decision,7,different,different,True,4.712752103805542,False
p08,8,log_p08_20260925T114341.json,1,attraction,falling_blocks,application,decision,8,different,different,True,2.9197263717651367,False
p08,8,log_p08_20260925T114341.json,2,expansion,plus_ray,inference,decision,1,different,different,True,0.8537726402282715,False
p08,8,log_p08_20260925T114341.json,2,expansion,plus_ray,inference,decision,2,same,same,True,0.9087824821472168,False
p08,8,log_p08_20260925T114341.json,2,expansion,star_step,inference,decision,3,different,different,True,1.956376552581787,False
p08,8,log_p08_20260925T114341.json,2,expansion,star_ray,inference,decision,4,different,different,True,3.3632569313049316,False
p08,8,log_p08_20260925T114341.json,2,expansion,3_arm_star_ray,inference,decision,5,different,different,True,0.9465055465698242,False
p08,8,log_p08_20260925T114341.json,2,expansion,3_arm_star_ray,inference,decision,6,same,same,True,1.785609483718872,False
p08,8,log_p08_20260925T114341.json,2,expansion,3_arm_star_ray,inference,decision,7,same,same,True,2.3689541816711426,False
p08,8,log_p08_20260925T114341.json,2,expansion,3_arm_star_ray,inference,decision,8,same,same,True,2.1595771312713623,False
p08,8,log_p08_20260925T114341.json,3,occlusion,mirror_x,application,decision,1,different,different,True,1.9178571701049805,False
p08,8,log_p08_20260925T114341.json,3,occlusion,rotate_90,application,decision,2,same,same,True,2.5650906562805176,False
p08,8,log_p08_20260925T114341.json,3,occlusion,rotate_90,application,decision,3,same,same,True,4.156602144241333,False
p08,8,log_p08_20260925T114341.json,3,occlusion,occlusion_reversal,application,decision,4,different,different,True,1.979414463043213,False
p08,8,log_p08_20260925T114341.json,3,occlusion,rotate_180,application,decision,5,different,different,True,3.1711015701293945,False
p08,8,log_p08_20260925T114341.json,3,occlusion,mirror_y,application,decision,6,different,different,True,6.55371356010437,False
p08,8,log_p08_20260925T114341.json,3,occlusion,rotate_90,application,decision,7,same,same,True,3.9934399127960205,False
p08,8,log_p08_20260925T114341.json,3,occlusion,rotate_90,application,decision,8,same,same,True,3.9922409057617188,False
p08,8,log_p08_20260925T114341.json,4,arithmetic,minority_takeover,inference,decision,1,different,different,True,6.525893449783325,False
p08,8,log_p08_20260925T114341.json,4,arithmetic,minority_takeover,inference,decision,2,same,same,True,4.852891445159912,False
p08,8,log_p08_20260925T114341.json,4,arithmetic,majority_takeover,inference,decision,3,different,different,True,3.2921223640441895,False
p08,8,log_p08_20260925T114341.json,4,arithmetic,majority_takeover,inference,decision,4,same,same,True,3.7474634647369385,False
p08,8,log_p08_20260925T114341.json,4,arithmetic,majority_takeover,inference,decision,5,same,same,True,1.595245599746704,False
p08,8,log_p08_20260925T114341.json,4,arithmetic,minority_takeover,inference,decision,6,different,different,True,3.801933526992798,False
p08,8,log_p08_20260925T114341.json,4,arithmetic,minority_takeover,inference,decision,7,same,same,True,2.6494226455688477,False
p08,8,log_p08_20260925T114341.json,4,arithmetic,middle_takeover,inference,decision,8,different,different,True,4.832326650619507,False
p08,8,log_p08_20260925T114341.json,5,recolor,shape_color_mapping,application,decision,1,different,different,True,2.2699718475341797,False
p08,8,log_p08_20260925T114341.json,5,recolor,color_inversion,application,decision,2,same,same,True,3.813654661178589,False
p08,8,log_p08_20260925T114341.json,5,recolor,color_inversion,application,decision,3,same,same,True,4.2048118114471436,False
p08,8,log_p08_20260925T114341.json,5,recolor,touching_edges_recolor,application,decision,4,different,different,True,2.8274285793304443,False
p08,8,log_p08_20260925T114341.json,5,recolor,color_inversion,application,decision,5,same,same,True,3.258657217025757,False
p08,8,log_p08_20260925T114341.json,5,recolor,touching_edges_recolor,application,decision,6,different,different,True,2.058462619781494,False
p08,8,log_p08_20260925T114341.json,5,recolor,color_inversion,application,decision,7,same,same,True,4.329171657562256,False
p08,8,log_p08_20260925T114341.json,5,recolor,touching_edges_recolor,application,decision,8,different,different,True,1.3367359638214111,False
p09,1,log_p09_20260925T150036.json,1,occlusion,mirror_y,inference,decision,1,same,different,False,5.286134958267212,False
p09,1,log_p09_20260925T150036.json,1,occlusion,rotate_90,inference,decision,2,different,different,True,9.021648406982422,False
p09,1,log_p09_20260925T150036.json,1,occlusion,rotate_180,inference,decision,3,different,different,True,7.548264265060425,False
p09,1,log_p09_20260925T150036.json,1,occlusion,rotate_180,inference,decision,4,same,same,True,7.395920515060425,False
p09,1,log_p09_20260925T150036.json,1,occlusion,rotate_180,inference,decision,5,same,same,True,3.8509151935577393,False
p09,1,log_p09_20260925T150036.json,1,occlusion,mirror_x,inference,decision,6,different,different,True,6.954352855682373,False
p09,1,log_p09_20260925T150036.json,1,occlusion,mirror_x,inference,decision,7,same,different,False,9.777537107467651,False
p09,1,log_p09_20260925T150036.json,1,occlusion,occlusion_reversal,inference,decision,8,different,different,True,9.936461210250854,False
p09,1,log_p09_20260925T150036.json,2,expansion,star_ray,application,decision,1,same,same,True,4.494123458862305,False
p09,1,log_p09_20260925T150036.json,2,expansion,plus_ray,application,decision,2,different,different,True,2.437537431716919,False
p09,1,log_p09_20260925T150036.json,2,expansion,star_ray,application,decision,3,same,same,True,6.388584613800049,False
p09,1,log_p09_20260925T150036.json,2,expansion,star_ray,application,decision,4,same,same,True,4.5954461097717285,False
p09,1,log_p09_20260925T150036.json,2,expansion,star_ray,application,decision,5,same,same,True,3.811065196990967,False
p09,1,log_p09_20260925T150036.json,2,expansion,star_step,application,decision,6,different,different,True,1.9785435199737549,False
p09,1,log_p09_20260925T150036.json,2,expansion,plus_step,application,decision,7,different,different,True,1.4737908840179443,False
p09,1,log_p09_20260925T150036.json,2,expansion,3_arm_star_ray,application,decision,8,different,different,True,2.0486767292022705,False
p09,1,log_p09_20260925T150036.json,3,arithmetic,majority_takeover,inference,decision,1,different,same,False,7.8621697425842285,False
p09,1,log_p09_20260925T150036.json,3,arithmetic,minority_takeover,inference,decision,2,different,timeout,False,,True
p09,1,log_p09_20260925T150036.json,3,arithmetic,minority_takeover,inference,decision,3,same,different,False,9.644812822341919,False
p09,1,log_p09_20260925T150036.json,3,arithmetic,minority_takeover,inference,decision,4,same,different,False,8.908059120178223,False
p09,1,log_p09_20260925T150036.json,3,arithmetic,middle_takeover,inference,decision,5,different,different,True,6.7956647872924805,False
p09,1,log_p09_20260925T150036.json,3,arithmetic,middle_takeover,inference,decision,6,same,same,True,5.338311195373535,False
p09,1,log_p09_20260925T150036.json,3,arithmetic,middle_takeover,inference,decision,7,same,different,False,1.7696104049682617,False
p09,1,log_p09_20260925T150036.json,3,arithmetic,majority_takeover,inference,decision,8,different,different,True,2.3053603172302246,False
p09,1,log_p09_20260925T150036.json,4,attraction,color_attraction,application,decision,1,same,same,True,4.078636407852173,False
p09,1,log_p09_20260925T150036.json,4,attraction,color_repulsion,application,decision,2,different,different,True,6.653843402862549,False
p09,1,log_p09_20260925T150036.json,4,attraction,size_attraction,application,decision,3,different,different,True,5.237096786499023,False
p09,1,log_p09_20260925T150036.json,4,attraction,color_attraction,application,decision,4,same,same,True,6.564493894577026,False
p09,1,log_p09_20260925T150036.json,4,attraction,floating_blocks,application,decision,5,different,different,True,4.77934193611145,False
p09,1,log_p09_20260925T150036.json,4,attraction,falling_blocks,application,decision,6,different,different,True,3.1388092041015625,False
p09,1,log_p09_20260925T150036.json,4,attraction,color_attraction,application,decision,7,same,different,False,9.08186149597168,False
p09,1,log_p09_20260925T150036.json,4,attraction,color_attraction,application,decision,8,same,same,True,7.44104790687561,False
p09,1,log_p09_20260925T150036.json,5,recolor,touching_edges_recolor,inference,decision,1,same,same,True,5.574834823608398,False
p09,1,log_p09_20260925T150036.json,5,recolor,shape_color_mapping,inference,decision,2,different,different,True,6.589864015579224,False
p09,1,log_p09_20260925T150036.json,5,recolor,color_inversion,inference,decision,3,different,different,True,8.237196683883667,False
p09,1,log_p09_20260925T150036.json,5,recolor,shape_color_mapping,inference,decision,4,different,same,False,8.156389474868774,False
p09,1,log_p09_20260925T150036.json,5,recolor,shape_color_mapping,inference,decision,5,same,same,True,5.427429914474487,False
p09,1,log_p09_20260925T150036.json,5,recolor,color_inversion,inference,decision,6,different,different,True,7.787399053573608,False
p09,1,log_p09_20260925T150036.json,5,recolor,color_inversion,inference,decision,7,same,same,True,6.818378448486328,False
p09,1,log_p09_20260925T150036.json,5,recolor,color_inversion,inference,decision,8,same,same,True,5.616868257522583,False
p09,2,log_p09_20260925T151044.json,1,arithmetic,minority_takeover,application,decision,1,different,different,True,5.39457368850708,False
p09,2,log_p09_20260925T151044.json,1,arithmetic,middle_takeover,application,decision,2,same,different,False,3.4091384410858154,False
p09,2,log_p09_20260925T151044.json,1,arithmetic,middle_takeover,application,decision,3,same,different,False,1.5044269561767578,False
p09,2,log_p09_20260925T151044.json,1,arithmetic,middle_takeover,application,decision,4,same,different,False,1.6314945220947266,False
p09,2,log_p09_20260925T151044.json,1,arithmetic,majority_takeover,application,decision,5,different,different,True,2.158792018890381,False
p09,2,log_p09_20260925T151044.json,1,arithmetic,middle_takeover,application,decision,6,same,same,True,1.7662229537963867,False
p09,2,log_p09_20260925T151044.json,1,arithmetic,minority_takeover,application,decision,7,different,different,True,1.3497159481048584,False
p09,2,log_p09_20260925T151044.json,1,arithmetic,minority_takeover,application,decision,8,different,same,False,1.524287223815918,False
p09,2,log_p09_20260925T151044.json,2,expansion,3_arm_star_ray,inference,decision,1,same,same,True,2.6587252616882324,False
p09,2,log_p09_20260925T151044.json,2,expansion,star_step,inference,decision,2,different,different,True,2.5539164543151855,False
p09,2,log_p09_20260925T151044.json,2,expansion,star_ray,inference,decision,3,different,different,True,2.520702600479126,False
p09,2,log_p09_20260925T151044.json,2,expansion,star_ray,inference,decision,4,same,same,True,6.543718338012695,False
p09,2,log_p09_20260925T151044.json,2,expansion,star_ray,inference,decision,5,same,same,True,3.487238645553589,False
p09,2,log_p09_20260925T151044.json,2,expansion,plus_step,inference,decision,6,different,different,True,1.614112377166748,False
p09,2,log_p09_20260925T151044.json,2,expansion,plus_step,inference,decision,7,same,same,True,3.565582036972046,False
p09,2,log_p09_20260925T151044.json,2,expansion,plus_ray,inference,decision,8,different,same,False,1.020984172821045,False
p09,2,log_p09_20260925T151044.json,3,recolor,color_inversion,application,decision,1,same,different,False,0.08279919624328613,False
p09,2,log_p09_20260925T151044.json,3,recolor,shape_color_mapping,application,decision,2,different,different,True,4.785287380218506,False
p09,2,log_p09_20260925T151044.json,3,recolor,touching_edges_recolor,application,decision,3,different,different,True,3.264643907546997,False
p09,2,log_p09_20260925T151044.json,3,recolor,color_inversion,application,decision,4,same,same,True,5.607921361923218,False
p09,2,log_p09_20260925T151044.json,3,recolor,color_inversion,application,decision,5,same,same,True,4.5269129276275635,False
p09,2,log_p09_20260925T151044.json,3,recolor,color_inversion,application,decision,6,same,same,True,3.422659397125244,False
p09,2,log_p09_20260925T151044.json,3,recolor,shape_color_mapping,application,decision,7,different,different,True,4.677179336547852,False
p09,2,log_p09_20260925T151044.json,3,recolor,shape_color_mapping,application,decision,8,different,different,True,4.58868670463562,False
p09,2,log_p09_20260925T151044.json,4,attraction,size_attraction,inference,decision,1,different,different,True,4.866799354553223,False
p09,2,log_p09_20260925T151044.json,4,attraction,size_attraction,inference,decision,2,same,same,True,3.6341991424560547,False
p09,2,log_p09_20260925T151044.json,4,attraction,color_attraction,inference,decision,3,different,same,False,7.929068565368652,False
p09,2,log_p09_20260925T151044.json,4,attraction,color_attraction,inference,decision,4,same,different,False,5.535920858383179,False
p09,2,log_p09_20260925T151044.json,4,attraction,color_attraction,inference,decision,5,same,timeout,False,,True
p09,2,log_p09_20260925T151044.json,4,attraction,color_repulsion,inference,decision,6,different,different,True,6.942810535430908,False
p09,2,log_p09_20260925T151044.json,4,attraction,color_repulsion,inference,decision,7,same,same,True,4.029932022094727,False
p09,2,log_p09_20260925T151044.json,4,attraction,floating_blocks,inference,decision,8,different,different,True,8.31714677810669,False
p09,2,log_p09_20260925T151044.json,5,occlusion,rotate_90,application,decision,1,different,different,True,3.6345627307891846,False
p09,2,log_p09_20260925T151044.json,5,occlusion,occlusion_reversal,application,decision,2,different,different,True,6.841629981994629,False
p09,2,log_p09_20260925T151044.json,5,occlusion,rotate_180,application,decision,3,same,same,True,6.6649110317230225,False
p09,2,log_p09_20260925T151044.json,5,occlusion,mirror_x,application,decision,4,different,different,True,3.2723312377929688,False
p09,2,log_p09_20260925T151044.json,5,occlusion,rotate_180,application,decision,5,same,same,True,4.351375341415405,False
p09,2,log_p09_20260925T151044.json,5,occlusion,rotate_180,application,decision,6,same,different,False,7.1832661628723145,False
p09,2,log_p09_20260925T151044.json,5,occlusion,rotate_180,application,decision,7,same,same,True,5.709973573684692,False
p09,2,log_p09_20260925T151044.json,5,occlusion,mirror_y,application,decision,8,different,different,True,7.837240695953369,False
p09,3,log_p09_20260925T152356.json,1,expansion,plus_ray,inference,decision,1,different,different,True,1.7222106456756592,False
p09,3,log_p09_20260925T152356.json,1,expansion,plus_ray,inference,decision,2,same,same,True,1.6176166534423828,False
p09,3,log_p09_20260925T152356.json,1,expansion,star_step,inference,decision,3,different,same,False,5.736755132675171,False
p09,3,log_p09_20260925T152356.json,1,expansion,star_step,inference,decision,4,same,same,True,3.1196744441986084,False
p09,3,log_p09_20260925T152356.json,1,expansion,star_step,inference,decision,5,same,same,True,3.526904582977295,False
p09,3,log_p09_20260925T152356.json,1,expansion,plus_step,inference,decision,6,different,different,True,5.447180271148682,False
p09,3,log_p09_20260925T152356.json,1,expansion,plus_step,inference,decision,7,same,same,True,1.3980040550231934,False
p09,3,log_p09_20260925T152356.json,1,expansion,3_arm_star_ray,inference,decision,8,different,different,True,2.460736036300659,False
p09,3,log_p09_20260925T152356.json,2,arithmetic,middle_takeover,application,decision,1,same,different,False,2.2583565711975098,False
p09,3,log_p09_20260925T152356.json,2,arithmetic,middle_takeover,application,decision,2,same,same,True,3.3221077919006348,False
p09,3,log_p09_20260925T152356.json,2,arithmetic,minority_takeover,application,decision,3,different,different,True,2.6409003734588623,False
p09,3,log_p09_20260925T152356.json,2,arithmetic,middle_takeover,application,decision,4,same,different,False,2.2238712310791016,False
p09,3,log_p09_20260925T152356.json,2,arithmetic,middle_takeover,application,decision,5,same,different,False,4.327299118041992,False
p09,3,log_p09_20260925T152356.json,2,arithmetic,majority_takeover,application,decision,6,different,different,True,3.5823957920074463,False
p09,3,log_p09_20260925T152356.json,2,arithmetic,minority_takeover,application,decision,7,different,different,True,4.445790529251099,False
p09,3,log_p09_20260925T152356.json,2,arithmetic,minority_takeover,application,decision,8,different,different,True,4.8767852783203125,False
p09,3,log_p09_20260925T152356.json,3,occlusion,rotate_90,inference,decision,1,different,same,False,7.314294099807739,False
p09,3,log_p09_20260925T152356.json,3,occlusion,rotate_90,inference,decision,2,same,timeout,False,,True
p09,3,log_p09_20260925T152356.json,3,occlusion,occlusion_reversal,inference,decision,3,different,different,True,9.633020162582397,False
p09,3,log_p09_20260925T152356.json,3,occlusion,occlusion_reversal,inference,decision,4,same,timeout,False,,True
p09,3,log_p09_20260925T152356.json,3,occlusion,mirror_x,inference,decision,5,different,same,False,5.743897438049316,False
p09,3,log_p09_20260925T152356.json,3,occlusion,mirror_x,inference,decision,6,same,timeout,False,,True
p09,3,log_p09_20260925T152356.json,3,occlusion,mirror_x,inference,decision,7,same,same,True,4.893829822540283,False
p09,3,log_p09_20260925T152356.json,3,occlusion,rotate_180,inference,decision,8,different,same,False,7.58092474937439,False
p09,3,log_p09_20260925T152356.json,4,recolor,color_inversion,application,decision,1,different,timeout,False,,True
p09,3,log_p09_20260925T152356.json,4,recolor,shape_color_mapping,application,decision,2,different,timeout,False,,True
p09,3,log_p09_20260925T152356.json,4,recolor,touching_edges_recolor,application,decision,3,same,same,True,1.0008985996246338,False
p09,3,log_p09_20260925T152356.json,4,recolor,color_inversion,application,decision,4,different,same,False,5.784402132034302,False
p09,3,log_p09_20260925T152356.json,4,recolor,touching_edges_recolor,application,decision,5,same,different,False,4.879818916320801,False
p09,3,log_p09_20260925T152356.json,4,recolor,color_inversion,application,decision,6,different,same,False,6.287054538726807,False
p09,3,log_p09_20260925T152356.json,4,recolor,touching_edges_recolor,application,decision,7,same,same,True,7.437920093536377,False
p09,3,log_p09_20260925T152356.json,4,recolor,touching_edges_recolor,application,decision,8,same,same,True,2.1016697883605957,False
p09,3,log_p09_20260925T152356.json,5,attraction,floating_blocks,inference,decision,1,different,different,True,4.3228631019592285,False
p09,3,log_p09_20260925T152356.json,5,attraction,color_repulsion,inference,decision,2,different,different,True,8.850070476531982,False
p09,3,log_p09_20260925T152356.json,5,attraction,falling_blocks,inference,decision,3,different,different,True,1.4656720161437988,False
p09,3,log_p09_20260925T152356.json,5,attraction,falling_blocks,inference,decision,4,same,timeout,False,,True
p09,3,log_p09_20260925T152356.json,5,attraction,color_attraction,inference,decision,5,different,different,True,1.6317243576049805,False
p09,3,log_p09_20260925T152356.json,5,attraction,color_attraction,inference,decision,6,same,timeout,False,,True
p09,3,log_p09_20260925T152356.json,5,attraction,color_attraction,inference,decision,7,same,different,False,7.062439203262329,False
p09,3,log_p09_20260925T152356.json,5,attraction,color_attraction,inference,decision,8,same,same,True,9.973284482955933,False
p09,4,log_p09_20260925T154322.json,1,occlusion,occlusion_reversal,application,decision,1,same,same,True,5.931339740753174,False
p09,4,log_p09_20260925T154322.json,1,occlusion,occlusion_reversal,application,decision,2,same,same,True,5.586638450622559,False
p09,4,log_p09_20260925T154322.json,1,occlusion,rotate_180,application,decision,3,different,different,True,6.161355495452881,False
p09,4,log_p09_20260925T154322.json,1,occlusion,occlusion_reversal,application,decision,4,same,same,True,4.528914451599121,False
p09,4,log_p09_20260925T154322.json,1,occlusion,rotate_90,application,decision,5,different,different,True,3.8478543758392334,False
p09,4,log_p09_20260925T154322.json,1,occlusion,mirror_x,application,decision,6,different,different,True,7.551232814788818,False
p09,4,log_p09_20260925T154322.json,1,occlusion,occlusion_reversal,application,decision,7,same,same,True,4.063083648681641,False
p09,4,log_p09_20260925T154322.json,1,occlusion,mirror_y,application,decision,8,different,different,True,3.2457096576690674,False
p09,4,log_p09_20260925T154322.json,2,recolor,touching_edges_recolor,inference,decision,1,different,different,True,9.21962022781372,False
p09,4,log_p09_20260925T154322.json,2,recolor,shape_color_mapping,inference,decision,2,different,different,True,8.690670728683472,False
p09,4,log_p09_20260925T154322.json,2,recolor,shape_color_mapping,inference,decision,3,same,different,False,6.442250490188599,False
p09,4,log_p09_20260925T154322.json,2,recolor,shape_color_mapping,inference,decision,4,same,different,False,7.641278266906738,False
p09,4,log_p09_20260925T154322.json,2,recolor,color_inversion,inference,decision,5,different,timeout,False,,True
p09,4,log_p09_20260925T154322.json,2,recolor,touching_edges_recolor,inference,decision,6,different,different,True,7.6076953411102295,False
p09,4,log_p09_20260925T154322.json,2,recolor,touching_edges_recolor,inference,decision,7,same,timeout,False,,True
p09,4,log_p09_20260925T154322.json,2,recolor,touching_edges_recolor,inference,decision,8,same,different,False,0.06178426742553711,False
p09,4,log_p09_20260925T154322.json,3,expansion,3_arm_star_ray,application,decision,1,different,different,True,3.499704599380493,False
p09,4,log_p09_20260925T154322.json,3,expansion,plus_step,application,decision,2,different,different,True,4.314664125442505,False
p09,4,log_p09_20260925T154322.json,3,expansion,plus_ray,application,decision,3,same,same,True,1.5624322891235352,False
p09,4,log_p09_20260925T154322.json,3,expansion,plus_ray,application,decision,4,same,same,True,4.257311105728149,False
p09,4,log_p09_20260925T154322.json,3,expansion,plus_ray,application,decision,5,same,same,True,4.320941686630249,False
p09,4,log_p09_20260925T154322.json,3,expansion,star_ray,application,decision,6,different,different,True,2.239716053009033,False
p09,4,log_p09_20260925T154322.json,3,expansion,plus_ray,application,decision,7,same,same,True,1.4229412078857422,False
p09,4,log_p09_20260925T154322.json,3,expansion,star_step,application,decision,8,different,different,True,1.3986427783966064,False
p09,4,log_p09_20260925T154322.json,4,arithmetic,minority_takeover,inference,decision,1,same,different,False,3.6359026432037354,False
p09,4,log_p09_20260925T154322.json,4,arithmetic,minority_takeover,inference,decision,2,same,different,False,3.2671518325805664,False
p09,4,log_p09_20260925T154322.json,4,arithmetic,middle_takeover,inference,decision,3,different,different,True,5.626176834106445,False
p09,4,log_p09_20260925T154322.json,4,arithmetic,majority_takeover,inference,decision,4,different,different,True,6.001945972442627,False
p09,4,log_p09_20260925T154322.json,4,arithmetic,middle_takeover,inference,decision,5,different,different,True,5.488874197006226,False
p09,4,log_p09_20260925T154322.json,4,arithmetic,middle_takeover,inference,decision,6,same,different,False,3.991443157196045,False
p09,4,log_p09_20260925T154322.json,4,arithmetic,middle_takeover,inference,decision,7,same,different,False,3.6874122619628906,False
p09,4,log_p09_20260925T154322.json,4,arithmetic,minority_takeover,inference,decision,8,different,different,True,1.3907172679901123,False
p09,4,log_p09_20260925T154322.json,5,attraction,color_attraction,application,decision,1,different,different,True,0.26793360710144043,False
p09,4,log_p09_20260925T154322.json,5,attraction,color_repulsion,application,decision,2,same,same,True,6.627629041671753,False
p09,4,log_p09_20260925T154322.json,5,attraction,color_repulsion,application,decision,3,same,same,True,5.2748284339904785,False
p09,4,log_p09_20260925T154322.json,5,attraction,color_repulsion,application,decision,4,same,different,False,5.465803384780884,False
p09,4,log_p09_20260925T154322.json,5,attraction,floating_blocks,application,decision,5,different,different,True,3.9446945190429688,False
p09,4,log_p09_20260925T154322.json,5,attraction,falling_blocks,application,decision,6,different,different,True,2.896249532699585,False
p09,4,log_p09_20260925T154322.json,5,attraction,size_attraction,application,decision,7,different,same,False,8.263099670410156,False
p09,4,log_p09_20260925T154322.json,5,attraction,color_repulsion,application,decision,8,same,timeout,False,,True
p09,5,log_p09_20260925T155512.json,1,occlusion,mirror_y,inference,decision,1,different,different,True,7.20141863822937,False
p09,5,log_p09_20260925T155512.json,1,occlusion,mirror_y,inference,decision,2,same,same,True,4.856836318969727,False
p09,5,log_p09_20260925T155512.json,1,occlusion,rotate_180,inference,decision,3,different,different,True,6.992488145828247,False
p09,5,log_p09_20260925T155512.json,1,occlusion,rotate_90,inference,decision,4,different,same,False,8.710973262786865,False
p09,5,log_p09_20260925T155512.json,1,occlusion,rotate_90,inference,decision,5,same,different,False,9.638620138168335,False
p09,5,log_p09_20260925T155512.json,1,occlusion,rotate_90,inference,decision,6,same,same,True,6.101775646209717,False
p09,5,log_p09_20260925T155512.json,1,occlusion,rotate_90,inference,decision,7,same,same,True,8.820964097976685,False
p09,5,log_p09_20260925T155512.json,1,occlusion,mirror_x,inference,decision,8,different,timeout,False,,True
p09,5,log_p09_20260925T155512.json,2,expansion,star_step,application,decision,1,same,same,True,1.7775919437408447,False
p09,5,log_p09_20260925T155512.json,2,expansion,3_arm_star_ray,application,decision,2,different,different,True,1.8004577159881592,False
p09,5,log_p09_20260925T155512.json,2,expansion,star_step,application,decision,3,same,same,True,2.879929780960083,False
p09,5,log_p09_20260925T155512.json,2,expansion,plus_ray,application,decision,4,different,different,True,1.7829678058624268,False
p09,5,log_p09_20260925T155512.json,2,expansion,star_step,application,decision,5,same,same,True,2.254859685897827,False
p09,5,log_p09_20260925T155512.json,2,expansion,plus_step,application,decision,6,different,different,True,1.461287498474121,False
p09,5,log_p09_20260925T155512.json,2,expansion,star_step,application,decision,7,same,same,True,2.5969221591949463,False
p09,5,log_p09_20260925T155512.json,2,expansion,star_ray,application,decision,8,different,different,True,2.179537296295166,False
p09,5,log_p09_20260925T155512.json,3,arithmetic,minority_takeover,inference,decision,1,different,same,False,2.4658169746398926,False
p09,5,log_p09_20260925T155512.json,3,arithmetic,middle_takeover,inference,decision,2,different,different,True,1.6891710758209229,False
p09,5,log_p09_20260925T155512.json,3,arithmetic,majority_takeover,inference,decision,3,different,different,True,2.815988063812256,False
p09,5,log_p09_20260925T155512.json,3,arithmetic,majority_takeover,inference,decision,4,same,different,False,5.175305366516113,False
p09,5,log_p09_20260925T155512.json,3,arithmetic,majority_takeover,inference,decision,5,same,different,False,6.254572153091431,False
p09,5,log_p09_20260925T155512.json,3,arithmetic,majority_takeover,inference,decision,6,same,different,False,6.421398878097534,False
p09,5,log_p09_20260925T155512.json,3,arithmetic,minority_takeover,inference,decision,7,different,different,True,2.1093101501464844,False
p09,5,log_p09_20260925T155512.json,3,arithmetic,minority_takeover,inference,decision,8,same,different,False,2.6841518878936768,False
p09,5,log_p09_20260925T155512.json,4,recolor,shape_color_mapping,application,decision,1,different,different,True,6.1454997062683105,False
p09,5,log_p09_20260925T155512.json,4,recolor,color_inversion,application,decision,2,same,same,True,9.13692855834961,False
p09,5,log_p09_20260925T155512.json,4,recolor,touching_edges_recolor,application,decision,3,different,timeout,False,,True
p09,5,log_p09_20260925T155512.json,4,recolor,touching_edges_recolor,application,decision,4,different,same,False,0.4472646713256836,False
p09,5,log_p09_20260925T155512.json,4,recolor,color_inversion,application,decision,5,same,same,True,5.311100721359253,False
p09,5,log_p09_20260925T155512.json,4,recolor,color_inversion,application,decision,6,same,same,True,5.525909900665283,False
p09,5,log_p09_20260925T155512.json,4,recolor,shape_color_mapping,application,decision,7,different,same,False,6.725419998168945,False
p09,5,log_p09_20260925T155512.json,4,recolor,color_inversion,application,decision,8,same,same,True,4.612558364868164,False
p09,5,log_p09_20260925T155512.json,5,attraction,color_repulsion,inference,decision,1,different,different,True,2.5625112056732178,False
p09,5,log_p09_20260925T155512.json,5,attraction,floating_blocks,inference,decision,2,different,different,True,6.569142580032349,False
p09,5,log_p09_20260925T155512.json,5,attraction,floating_blocks,inference,decision,3,same,timeout,False,,True
p09,5,log_p09_20260925T155512.json,5,attraction,color_attraction,inference,decision,4,different,different,True,0.27170729637145996,False
p09,5,log_p09_20260925T155512.json,5,attraction,color_attraction,inference,decision,5,same,same,True,6.391083717346191,False
p09,5,log_p09_20260925T155512.json,5,attraction,size_attraction,inference,decision,6,different,same,False,5.630418062210083,False
p09,5,log_p09_20260925T155512.json,5,attraction,size_attraction,inference,decision,7,same,different,False,9.716981887817383,False
p09,5,log_p09_20260925T155512.json,5,attraction,size_attraction,inference,decision,8,same,timeout,False,,True
p09,6,log_p09_20260925T160554.json,1,occlusion,mirror_y,application,decision,1,same,different,False,8.396843910217285,False
p09,6,log_p09_20260925T160554.json,1,occlusion,mirror_y,application,decision,2,same,different,False,8.147764682769775,False
p09,6,log_p09_20260925T160554.json,1,occlusion,occlusion_reversal,application,decision,3,different,different,True,7.6271772384643555,False
p09,6,log_p09_20260925T160554.json,1,occlusion,mirror_y,application,decision,4,same,same,True,6.730849981307983,False
p09,6,log_p09_20260925T160554.json,1,occlusion,mirror_y,application,decision,5,same,same,True,8.009753704071045,False
p09,6,log_p09_20260925T160554.json,1,occlusion,rotate_90,application,decision,6,different,different,True,2.657193660736084,False
p09,6,log_p09_20260925T160554.json,1,occlusion,mirror_x,application,decision,7,different,different,True,4.039803981781006,False
p09,6,log_p09_20260925T160554.json,1,occlusion,rotate_180,application,decision,8,different,different,True,7.383112668991089,False
p09,6,log_p09_20260925T160554.json,2,expansion,star_ray,inference,decision,1,same,same,True,2.900951385498047,False
p09,6,log_p09_20260925T160554.json,2,expansion,star_step,inference,decision,2,different,different,True,3.036715507507324,False
p09,6,log_p09_20260925T160554.json,2,expansion,star_step,inference,decision,3,same,same,True,1.4841454029083252,False
p09,6,log_p09_20260925T160554.json,2,expansion,star_step,inference,decision,4,same,same,True,2.5790951251983643,False
p09,6,log_p09_20260925T160554.json,2,expansion,3_arm_star_ray,inference,decision,5,different,different,True,2.161945343017578,False
p09,6,log_p09_20260925T160554.json,2,expansion,3_arm_star_ray,inference,decision,6,same,same,True,1.928922176361084,False
p09,6,log_p09_20260925T160554.json,2,expansion,plus_step,inference,decision,7,different,different,True,1.4404025077819824,False
p09,6,log_p09_20260925T160554.json,2,expansion,plus_ray,inference,decision,8,different,different,True,2.239490509033203,False
p09,6,log_p09_20260925T160554.json,3,attraction,color_attraction,application,decision,1,different,different,True,2.15696120262146,False
p09,6,log_p09_20260925T160554.json,3,attraction,color_repulsion,application,decision,2,different,different,True,2.5562944412231445,False
p09,6,log_p09_20260925T160554.json,3,attraction,falling_blocks,application,decision,3,same,same,True,3.459667205810547,False
p09,6,log_p09_20260925T160554.json,3,attraction,falling_blocks,application,decision,4,same,same,True,4.1311821937561035,False
p09,6,log_p09_20260925T160554.json,3,attraction,floating_blocks,application,decision,5,different,different,True,2.3299739360809326,False
p09,6,log_p09_20260925T160554.json,3,attraction,falling_blocks,application,decision,6,same,same,True,4.1770172119140625,False
p09,6,log_p09_20260925T160554.json,3,attraction,size_attraction,application,decision,7,different,different,True,2.4568471908569336,False
p09,6,log_p09_20260925T160554.json,3,attraction,falling_blocks,application,decision,8,same,same,True,5.53542947769165,False
p09,6,log_p09_20260925T160554.json,4,recolor,touching_edges_recolor,inference,decision,1,different,same,False,7.837278842926025,False
p09,6,log_p09_20260925T160554.json,4,recolor,touching_edges_recolor,inference,decision,2,same,different,False,8.492810487747192,False
p09,6,log_p09_20260925T160554.json,4,recolor,color_inversion,inference,decision,3,different,different,True,9.467970848083496,False
p09,6,log_p09_20260925T160554.json,4,recolor,color_inversion,inference,decision,4,same,different,False,7.018730163574219,False
p09,6,log_p09_20260925T160554.json,4,recolor,color_inversion,inference,decision,5,same,same,True,3.8339498043060303,False
p09,6,log_p09_20260925T160554.json,4,recolor,touching_edges_recolor,inference,decision,6,different,different,True,6.48911714553833,False
p09,6,log_p09_20260925T160554.json,4,recolor,touching_edges_recolor,inference,decision,7,same,same,True,3.6804444789886475,False
p09,6,log_p09_20260925T160554.json,4,recolor,shape_color_mapping,inference,decision,8,different,timeout,False,,True
p09,6,log_p09_20260925T160554.json,5,arithmetic,minority_takeover,application,decision,1,same,different,False,1.7664082050323486,False
p09,6,log_p09_20260925T160554.json,5,arithmetic,majority_takeover,application,decision,2,different,different,True,3.6766185760498047,False
p09,6,log_p09_20260925T160554.json,5,arithmetic,minority_takeover,application,decision,3,same,different,False,2.059647560119629,False
p09,6,log_p09_20260925T160554.json,5,arithmetic,middle_takeover,application,decision,4,different,different,True,1.659128189086914,False
p09,6,log_p09_20260925T160554.json,5,arithmetic,minority_takeover,application,decision,5,same,different,False,1.2345521450042725,False
p09,6,log_p09_20260925T160554.json,5,arithmetic,majority_takeover,application,decision,6,different,different,True,1.8093469142913818,False
p09,6,log_p09_20260925T160554.json,5,arithmetic,majority_takeover,application,decision,7,different,different,True,1.2572484016418457,False
p09,6,log_p09_20260925T160554.json,5,arithmetic,minority_takeover,application,decision,8,same,different,False,0.9921679496765137,False
p09,7,log_p09_20260925T161716.json,1,expansion,star_step,inference,decision,1,different,different,True,3.1561226844787598,False
p09,7,log_p09_20260925T161716.json,1,expansion,star_step,inference,decision,2,same,same,True,1.490938425064087,False
p09,7,log_p09_20260925T161716.json,1,expansion,star_step,inference,decision,3,same,same,True,1.9783761501312256,False
p09,7,log_p09_20260925T161716.json,1,expansion,plus_ray,inference,decision,4,different,different,True,1.697873830795288,False
p09,7,log_p09_20260925T161716.json,1,expansion,plus_ray,inference,decision,5,same,same,True,3.28855037689209,False
p09,7,log_p09_20260925T161716.json,1,expansion,star_ray,inference,decision,6,different,different,True,1.8642475605010986,False
p09,7,log_p09_20260925T161716.json,1,expansion,3_arm_star_ray,inference,decision,7,different,different,True,2.2949957847595215,False
p09,7,log_p09_20260925T161716.json,1,expansion,3_arm_star_ray,inference,decision,8,same,same,True,1.734513759613037,False
p09,7,log_p09_20260925T161716.json,2,attraction,size_attraction,application,decision,1,same,same,True,4.524504661560059,False
p09,7,log_p09_20260925T161716.json,2,attraction,size_attraction,application,decision,2,same,same,True,5.07576584815979,False
p09,7,log_p09_20260925T161716.json,2,attraction,color_attraction,application,decision,3,different,different,True,5.322335481643677,False
p09,7,log_p09_20260925T161716.json,2,attraction,size_attraction,application,decision,4,same,same,True,8.353737831115723,False
p09,7,log_p09_20260925T161716.json,2,attraction,floating_blocks,application,decision,5,different,different,True,3.3129405975341797,False
p09,7,log_p09_20260925T161716.json,2,attraction,color_repulsion,application,decision,6,different,different,True,5.7680137157440186,False
p09,7,log_p09_20260925T161716.json,2,attraction,size_attraction,application,decision,7,same,same,True,6.935668230056763,False
p09,7,log_p09_20260925T161716.json,2,attraction,falling_blocks,application,decision,8,different,different,True,2.3269312381744385,False
p09,7,log_p09_20260925T161716.json,3,recolor,shape_color_mapping,inference,decision,1,same,different,False,7.651914834976196,False
p09,7,log_p09_20260925T161716.json,3,recolor,touching_edges_recolor,inference,decision,2,different,different,True,6.699448347091675,False
p09,7,log_p09_20260925T161716.json,3,recolor,touching_edges_recolor,inference,decision,3,same,same,True,3.8264529705047607,False
p09,7,log_p09_20260925T161716.json,3,recolor,color_inversion,inference,decision,4,different,different,True,7.769926071166992,False
p09,7,log_p09_20260925T161716.json,3,recolor,color_inversion,inference,decision,5,same,same,True,5.353007793426514,False
p09,7,log_p09_20260925T161716.json,3,recolor,shape_color_mapping,inference,decision,6,different,timeout,False,,True
p09,7,log_p09_20260925T161716.json,3,recolor,shape_color_mapping,inference,decision,7,same,different,False,6.615830898284912,False
p09,7,log_p09_20260925T161716.json,3,recolor,touching_edges_recolor,inference,decision,8,different,same,False,5.622304439544678,False
p09,7,log_p09_20260925T161716.json,4,arithmetic,middle_takeover,application,decision,1,same,same,True,1.9163262844085693,False
p09,7,log_p09_20260925T161716.json,4,arithmetic,minority_takeover,application,decision,2,different,different,True,1.5879204273223877,False
p09,7,log_p09_20260925T161716.json,4,arithmetic,majority_takeover,application,decision,3,different,different,True,1.2508022785186768,False
p09,7,log_p09_20260925T161716.json,4,arithmetic,middle_takeover,application,decision,4,same,same,True,1.698326826095581,False
p09,7,log_p09_20260925T161716.json,4,arithmetic,middle_takeover,application,decision,5,same,different,False,1.305635690689087,False
p09,7,log_p09_20260925T161716.json,4,arithmetic,majority_takeover,application,decision,6,different,different,True,1.2799453735351562,False
p09,7,log_p09_20260925T161716.json,4,arithmetic,middle_takeover,application,decision,7,same,different,False,1.8158595561981201,False
p09,7,log_p09_20260925T161716.json,4,arithmetic,minority_takeover,application,decision,8,different,different,True,2.575294017791748,False
p09,7,log_p09_20260925T161716.json,5,occlusion,mirror_x,inference,decision,1,different,different,True,2.7565760612487793,False
p09,7,log_p09_20260925T161716.json,5,occlusion,mirror_y,inference,decision,2,different,different,True,6.171979665756226,False
p09,7,log_p09_20260925T161716.json,5,occlusion,mirror_y,inference,decision,3,same,different,False,8.170443534851074,False
p09,7,log_p09_20260925T161716.json,5,occlusion,mirror_y,inference,decision,4,same,same,True,3.689882278442383,False
p09,7,log_p09_20260925T161716.json,5,occlusion,mirror_y,inference,decision,5,same,same,True,7.257709741592407,False
p09,7,log_p09_20260925T161716.json,5,occlusion,rotate_180,inference,decision,6,different,different,True,7.720478534698486,False
p09,7,log_p09_20260925T161716.json,5,occlusion,rotate_180,inference,decision,7,same,timeout,False,,True
p09,7,log_p09_20260925T161716.json,5,occlusion,rotate_90,inference,decision,8,different,different,True,0.270998477935791,False
p09,8,log_p09_20260925T162800.json,1,occlusion,rotate_90,application,decision,1,same,same,True,4.604784965515137,False
p09,8,log_p09_20260925T162800.json,1,occlusion,rotate_90,application,decision,2,same,same,True,5.9882872104644775,False
p09,8,log_p09_20260925T162800.json,1,occlusion,rotate_90,application,decision,3,same,different,False,5.258678197860718,False
p09,8,log_p09_20260925T162800.json,1,occlusion,mirror_y,application,decision,4,different,different,True,7.810103893280029,False
p09,8,log_p09_20260925T162800.json,1,occlusion,mirror_x,application,decision,5,different,different,True,7.121798753738403,False
p09,8,log_p09_20260925T162800.json,1,occlusion,rotate_90,application,decision,6,same,timeout,False,,True
p09,8,log_p09_20260925T162800.json,1,occlusion,occlusion_reversal,application,decision,7,different,different,True,0.35219764709472656,False
p09,8,log_p09_20260925T162800.json,1,occlusion,rotate_180,application,decision,8,different,different,True,4.927541255950928,False
p09,8,log_p09_20260925T162800.json,2,attraction,falling_blocks,inference,decision,1,same,same,True,4.660788536071777,False
p09,8,log_p09_20260925T162800.json,2,attraction,color_attraction,inference,decision,2,different,timeout,False,,True
p09,8,log_p09_20260925T162800.json,2,attraction,color_attraction,inference,decision,3,same,different,False,0.1310880184173584,False
p09,8,log_p09_20260925T162800.json,2,attraction,color_repulsion,inference,decision,4,different,different,True,8.394290685653687,False
p09,8,log_p09_20260925T162800.json,2,attraction,size_attraction,inference,decision,5,different,different,True,4.961555004119873,False
p09,8,log_p09_20260925T162800.json,2,attraction,size_attraction,inference,decision,6,same,same,True,7.00920844078064,False
p09,8,log_p09_20260925T162800.json,2,attraction,size_attraction,inference,decision,7,same,same,True,4.687955856323242,False
p09,8,log_p09_20260925T162800.json,2,attraction,floating_blocks,inference,decision,8,different,different,True,4.919044017791748,False
p09,8,log_p09_20260925T162800.json,3,expansion,plus_ray,application,decision,1,same,same,True,3.629504919052124,False
p09,8,log_p09_20260925T162800.json,3,expansion,plus_ray,application,decision,2,same,same,True,2.612426280975342,False
p09,8,log_p09_20260925T162800.json,3,expansion,3_arm_star_ray,application,decision,3,different,different,True,1.739448070526123,False
p09,8,log_p09_20260925T162800.json,3,expansion,plus_ray,application,decision,4,same,same,True,3.394413948059082,False
p09,8,log_p09_20260925T162800.json,3,expansion,star_step,application,decision,5,different,different,True,1.4339520931243896,False
p09,8,log_p09_20260925T162800.json,3,expansion,star_ray,application,decision,6,different,different,True,4.9614174365997314,False
p09,8,log_p09_20260925T162800.json,3,expansion,plus_step,application,decision,7,different,different,True,2.8880927562713623,False
p09,8,log_p09_20260925T162800.json,3,expansion,plus_ray,application,decision,8,same,same,True,5.039795875549316,False
p09,8,log_p09_20260925T162800.json,4,arithmetic,minority_takeover,inference,decision,1,same,different,False,2.045661687850952,False
p09,8,log_p09_20260925T162800.json,4,arithmetic,middle_takeover,inference,decision,2,different,different,True,1.3965160846710205,False
p09,8,log_p09_20260925T162800.json,4,arithmetic,middle_takeover,inference,decision,3,same,different,False,1.883681297302246,False
p09,8,log_p09_20260925T162800.json,4,arithmetic,majority_takeover,inference,decision,4,different,same,False,1.6354243755340576,False
p09,8,log_p09_20260925T162800.json,4,arithmetic,middle_takeover,inference,decision,5,different,same,False,1.8018603324890137,False
p09,8,log_p09_20260925T162800.json,4,arithmetic,middle_takeover,inference,decision,6,same,different,False,1.3297972679138184,False
p09,8,log_p09_20260925T162800.json,4,arithmetic,middle_takeover,inference,decision,7,same,different,False,1.8482286930084229,False
p09,8,log_p09_20260925T162800.json,4,arithmetic,majority_takeover,inference,decision,8,different,different,True,1.3596084117889404,False
p09,8,log_p09_20260925T162800.json,5,recolor,color_inversion,application,decision,1,same,same,True,4.733380079269409,False
p09,8,log_p09_20260925T162800.json,5,recolor,touching_edges_recolor,application,decision,2,different,different,True,2.8766932487487793,False
p09,8,log_p09_20260925T162800.json,5,recolor,shape_color_mapping,application,decision,3,different,different,True,3.9716289043426514,False
p09,8,log_p09_20260925T162800.json,5,recolor,touching_edges_recolor,application,decision,4,different,different,True,5.1628077030181885,False
p09,8,log_p09_20260925T162800.json,5,recolor,color_inversion,application,decision,5,same,same,True,5.6023335456848145,False
p09,8,log_p09_20260925T162800.json,5,recolor,color_inversion,application,decision,6,same,different,False,6.082211971282959,False
p09,8,log_p09_20260925T162800.json,5,recolor,color_inversion,application,decision,7,same,same,True,5.472671985626221,False
p09,8,log_p09_20260925T162800.json,5,recolor,touching_edges_recolor,application,decision,8,different,different,True,5.7759623527526855,False
p10,1,log_p10_20260928T104728.json,1,recolor,touching_edges_recolor,inference,decision,1,same,same,True,5.138075113296509,False
p10,1,log_p10_20260928T104728.json,1,recolor,shape_color_mapping,inference,decision,2,different,different,True,4.0013041496276855,False
p10,1,log_p10_20260928T104728.json,1,recolor,shape_color_mapping,inference,decision,3,same,same,True,5.512286424636841,False
p10,1,log_p10_20260928T104728.json,1,recolor,color_inversion,inference,decision,4,different,different,True,6.047118425369263,False
p10,1,log_p10_20260928T104728.json,1,recolor,shape_color_mapping,inference,decision,5,different,same,False,7.9261393547058105,False
p10,1,log_p10_20260928T104728.json,1,recolor,shape_color_mapping,inference,decision,6,same,different,False,7.693953037261963,False
p10,1,log_p10_20260928T104728.json,1,recolor,touching_edges_recolor,inference,decision,7,different,different,True,4.996978044509888,False
p10,1,log_p10_20260928T104728.json,1,recolor,touching_edges_recolor,inference,decision,8,same,same,True,3.579737901687622,False
p10,1,log_p10_20260928T104728.json,2,occlusion,mirror_x,application,decision,1,different,same,False,4.208791494369507,False
p10,1,log_p10_20260928T104728.json,2,occlusion,rotate_180,application,decision,2,same,same,True,4.215565204620361,False
p10,1,log_p10_20260928T104728.json,2,occlusion,rotate_180,application,decision,3,same,same,True,3.6710288524627686,False
p10,1,log_p10_20260928T104728.json,2,occlusion,rotate_180,application,decision,4,same,same,True,3.462127923965454,False
p10,1,log_p10_20260928T104728.json,2,occlusion,mirror_y,application,decision,5,different,different,True,3.5734174251556396,False
p10,1,log_p10_20260928T104728.json,2,occlusion,occlusion_reversal,application,decision,6,different,different,True,3.8682825565338135,False
p10,1,log_p10_20260928T104728.json,2,occlusion,rotate_90,application,decision,7,different,same,False,4.603520631790161,False
p10,1,log_p10_20260928T104728.json,2,occlusion,rotate_180,application,decision,8,same,same,True,3.731020212173462,False
p10,1,log_p10_20260928T104728.json,3,attraction,size_attraction,inference,decision,1,same,same,True,3.9442079067230225,False
p10,1,log_p10_20260928T104728.json,3,attraction,floating_blocks,inference,decision,2,different,different,True,2.5356249809265137,False
p10,1,log_p10_20260928T104728.json,3,attraction,floating_blocks,inference,decision,3,same,same,True,1.527247667312622,False
p10,1,log_p10_20260928T104728.json,3,attraction,falling_blocks,inference,decision,4,different,different,True,1.9503042697906494,False
p10,1,log_p10_20260928T104728.json,3,attraction,falling_blocks,inference,decision,5,same,same,True,1.5652885437011719,False
p10,1,log_p10_20260928T104728.json,3,attraction,color_repulsion,inference,decision,6,different,different,True,6.716627836227417,False
p10,1,log_p10_20260928T104728.json,3,attraction,color_repulsion,inference,decision,7,same,same,True,2.044185161590576,False
p10,1,log_p10_20260928T104728.json,3,attraction,color_attraction,inference,decision,8,different,different,True,2.7230093479156494,False
p10,1,log_p10_20260928T104728.json,4,arithmetic,middle_takeover,application,decision,1,same,same,True,5.4719812870025635,False
p10,1,log_p10_20260928T104728.json,4,arithmetic,majority_takeover,application,decision,2,different,different,True,7.391704559326172,False
p10,1,log_p10_20260928T104728.json,4,arithmetic,minority_takeover,application,decision,3,different,different,True,5.605800151824951,False
p10,1,log_p10_20260928T104728.json,4,arithmetic,middle_takeover,application,decision,4,same,same,True,3.7093725204467773,False
p10,1,log_p10_20260928T104728.json,4,arithmetic,minority_takeover,application,decision,5,different,different,True,2.604511022567749,False
p10,1,log_p10_20260928T104728.json,4,arithmetic,majority_takeover,application,decision,6,different,different,True,6.323548793792725,False
p10,1,log_p10_20260928T104728.json,4,arithmetic,middle_takeover,application,decision,7,same,same,True,5.187125205993652,False
p10,1,log_p10_20260928T104728.json,4,arithmetic,middle_takeover,application,decision,8,same,same,True,4.658691883087158,False
p10,1,log_p10_20260928T104728.json,5,expansion,plus_ray,inference,decision,1,same,same,True,3.3045284748077393,False
p10,1,log_p10_20260928T104728.json,5,expansion,star_step,inference,decision,2,different,different,True,2.095365047454834,False
p10,1,log_p10_20260928T104728.json,5,expansion,star_step,inference,decision,3,same,same,True,1.4785428047180176,False
p10,1,log_p10_20260928T104728.json,5,expansion,plus_step,inference,decision,4,different,different,True,1.9975762367248535,False
p10,1,log_p10_20260928T104728.json,5,expansion,star_ray,inference,decision,5,different,different,True,2.436765670776367,False
p10,1,log_p10_20260928T104728.json,5,expansion,star_ray,inference,decision,6,same,same,True,1.339979887008667,False
p10,1,log_p10_20260928T104728.json,5,expansion,3_arm_star_ray,inference,decision,7,different,different,True,2.3076560497283936,False
p10,1,log_p10_20260928T104728.json,5,expansion,3_arm_star_ray,inference,decision,8,same,same,True,1.2668521404266357,False
p10,2,log_p10_20260928T105739.json,1,expansion,star_ray,application,decision,1,different,different,True,1.3706412315368652,False
p10,2,log_p10_20260928T105739.json,1,expansion,plus_step,application,decision,2,same,same,True,1.3134639263153076,False
p10,2,log_p10_20260928T105739.json,1,expansion,star_step,application,decision,3,different,different,True,1.1764721870422363,False
p10,2,log_p10_20260928T105739.json,1,expansion,plus_step,application,decision,4,same,same,True,1.6801466941833496,False
p10,2,log_p10_20260928T105739.json,1,expansion,plus_ray,application,decision,5,different,different,True,1.3113269805908203,False
p10,2,log_p10_20260928T105739.json,1,expansion,3_arm_star_ray,application,decision,6,different,different,True,1.318493127822876,False
p10,2,log_p10_20260928T105739.json,1,expansion,plus_step,application,decision,7,same,same,True,1.2142055034637451,False
p10,2,log_p10_20260928T105739.json,1,expansion,plus_step,application,decision,8,same,same,True,1.0607609748840332,False
p10,2,log_p10_20260928T105739.json,2,arithmetic,majority_takeover,inference,decision,1,different,different,True,4.931128263473511,False
p10,2,log_p10_20260928T105739.json,2,arithmetic,minority_takeover,inference,decision,2,different,different,True,3.753537178039551,False
p10,2,log_p10_20260928T105739.json,2,arithmetic,middle_takeover,inference,decision,3,different,different,True,5.1930623054504395,False
p10,2,log_p10_20260928T105739.json,2,arithmetic,middle_takeover,inference,decision,4,same,same,True,3.416348934173584,False
p10,2,log_p10_20260928T105739.json,2,arithmetic,minority_takeover,inference,decision,5,different,different,True,5.1353209018707275,False
p10,2,log_p10_20260928T105739.json,2,arithmetic,minority_takeover,inference,decision,6,same,same,True,3.302521228790283,False
p10,2,log_p10_20260928T105739.json,2,arithmetic,minority_takeover,inference,decision,7,same,same,True,4.2057740688323975,False
p10,2,log_p10_20260928T105739.json,2,arithmetic,minority_takeover,inference,decision,8,same,same,True,3.8372507095336914,False
p10,2,log_p10_20260928T105739.json,3,recolor,touching_edges_recolor,application,decision,1,same,same,True,4.203172206878662,False
p10,2,log_p10_20260928T105739.json,3,recolor,shape_color_mapping,application,decision,2,different,different,True,3.8987011909484863,False
p10,2,log_p10_20260928T105739.json,3,recolor,color_inversion,application,decision,3,different,different,True,2.6650803089141846,False
p10,2,log_p10_20260928T105739.json,3,recolor,color_inversion,application,decision,4,different,different,True,5.624130964279175,False
p10,2,log_p10_20260928T105739.json,3,recolor,touching_edges_recolor,application,decision,5,same,same,True,2.4157469272613525,False
p10,2,log_p10_20260928T105739.json,3,recolor,touching_edges_recolor,application,decision,6,same,same,True,3.0707218647003174,False
p10,2,log_p10_20260928T105739.json,3,recolor,color_inversion,application,decision,7,different,different,True,2.262556552886963,False
p10,2,log_p10_20260928T105739.json,3,recolor,touching_edges_recolor,application,decision,8,same,same,True,2.82955002784729,False
p10,2,log_p10_20260928T105739.json,4,occlusion,occlusion_reversal,inference,decision,1,same,same,True,3.210425853729248,False
p10,2,log_p10_20260928T105739.json,4,occlusion,rotate_90,inference,decision,2,different,different,True,5.137636423110962,False
p10,2,log_p10_20260928T105739.json,4,occlusion,mirror_y,inference,decision,3,different,different,True,3.4814069271087646,False
p10,2,log_p10_20260928T105739.json,4,occlusion,mirror_y,inference,decision,4,same,same,True,3.1600584983825684,False
p10,2,log_p10_20260928T105739.json,4,occlusion,mirror_y,inference,decision,5,same,same,True,2.2314960956573486,False
p10,2,log_p10_20260928T105739.json,4,occlusion,rotate_180,inference,decision,6,different,different,True,5.8388776779174805,False
p10,2,log_p10_20260928T105739.json,4,occlusion,mirror_x,inference,decision,7,different,same,False,4.054030895233154,False
p10,2,log_p10_20260928T105739.json,4,occlusion,mirror_x,inference,decision,8,same,same,True,3.9973859786987305,False
p10,2,log_p10_20260928T105739.json,5,attraction,color_repulsion,application,decision,1,different,different,True,5.250828266143799,False
p10,2,log_p10_20260928T105739.json,5,attraction,size_attraction,application,decision,2,same,same,True,3.1779897212982178,False
p10,2,log_p10_20260928T105739.json,5,attraction,falling_blocks,application,decision,3,different,different,True,2.809272289276123,False
p10,2,log_p10_20260928T105739.json,5,attraction,color_attraction,application,decision,4,different,same,False,6.21769905090332,False
p10,2,log_p10_20260928T105739.json,5,attraction,floating_blocks,application,decision,5,different,different,True,3.231473684310913,False
p10,2,log_p10_20260928T105739.json,5,attraction,size_attraction,application,decision,6,same,same,True,2.4554154872894287,False
p10,2,log_p10_20260928T105739.json,5,attraction,size_attraction,application,decision,7,same,same,True,2.126540184020996,False
p10,2,log_p10_20260928T105739.json,5,attraction,size_attraction,application,decision,8,same,same,True,3.085287094116211,False
p10,3,log_p10_20260928T110750.json,1,recolor,touching_edges_recolor,inference,decision,1,different,different,True,6.709863185882568,False
p10,3,log_p10_20260928T110750.json,1,recolor,touching_edges_recolor,inference,decision,2,same,same,True,3.3097572326660156,False
p10,3,log_p10_20260928T110750.json,1,recolor,color_inversion,inference,decision,3,different,different,True,7.284415006637573,False
p10,3,log_p10_20260928T110750.json,1,recolor,color_inversion,inference,decision,4,same,same,True,7.708561420440674,False
p10,3,log_p10_20260928T110750.json,1,recolor,touching_edges_recolor,inference,decision,5,different,different,True,9.55492377281189,False
p10,3,log_p10_20260928T110750.json,1,recolor,shape_color_mapping,inference,decision,6,different,different,True,5.546297073364258,False
p10,3,log_p10_20260928T110750.json,1,recolor,shape_color_mapping,inference,decision,7,same,different,False,9.505141735076904,False
p10,3,log_p10_20260928T110750.json,1,recolor,shape_color_mapping,inference,decision,8,same,same,True,3.3284521102905273,False
p10,3,log_p10_20260928T110750.json,2,expansion,plus_ray,application,decision,1,same,same,True,3.0547473430633545,False
p10,3,log_p10_20260928T110750.json,2,expansion,3_arm_star_ray,application,decision,2,different,different,True,1.285731315612793,False
p10,3,log_p10_20260928T110750.json,2,expansion,plus_ray,application,decision,3,same,same,True,1.4367618560791016,False
p10,3,log_p10_20260928T110750.json,2,expansion,star_ray,application,decision,4,different,different,True,1.1636028289794922,False
p10,3,log_p10_20260928T110750.json,2,expansion,star_step,application,decision,5,different,different,True,1.2107970714569092,False
p10,3,log_p10_20260928T110750.json,2,expansion,plus_ray,application,decision,6,same,same,True,1.0341007709503174,False
p10,3,log_p10_20260928T110750.json,2,expansion,plus_step,application,decision,7,different,different,True,1.2257533073425293,False
p10,3,log_p10_20260928T110750.json,2,expansion,plus_ray,application,decision,8,same,same,True,1.0811729431152344,False
p10,3,log_p10_20260928T110750.json,3,arithmetic,minority_takeover,inference,decision,1,same,same,True,2.5745251178741455,False
p10,3,log_p10_20260928T110750.json,3,arithmetic,minority_takeover,inference,decision,2,same,same,True,3.717604637145996,False
p10,3,log_p10_20260928T110750.json,3,arithmetic,majority_takeover,inference,decision,3,different,different,True,3.268920660018921,False
p10,3,log_p10_20260928T110750.json,3,arithmetic,middle_takeover,inference,decision,4,different,different,True,4.588045597076416,False
p10,3,log_p10_20260928T110750.json,3,arithmetic,majority_takeover,inference,decision,5,different,different,True,3.8912222385406494,False
p10,3,log_p10_20260928T110750.json,3,arithmetic,majority_takeover,inference,decision,6,same,same,True,3.826329231262207,False
p10,3,log_p10_20260928T110750.json,3,arithmetic,minority_takeover,inference,decision,7,different,different,True,2.561392068862915,False
p10,3,log_p10_20260928T110750.json,3,arithmetic,minority_takeover,inference,decision,8,same,same,True,3.0808722972869873,False
p10,3,log_p10_20260928T110750.json,4,attraction,color_repulsion,application,decision,1,different,different,True,6.118549346923828,False
p10,3,log_p10_20260928T110750.json,4,attraction,color_attraction,application,decision,2,same,same,True,2.750114679336548,False
p10,3,log_p10_20260928T110750.json,4,attraction,size_attraction,application,decision,3,different,same,False,3.6769936084747314,False
p10,3,log_p10_20260928T110750.json,4,attraction,floating_blocks,application,decision,4,different,different,True,2.084714889526367,False
p10,3,log_p10_20260928T110750.json,4,attraction,falling_blocks,application,decision,5,different,different,True,2.1721630096435547,False
p10,3,log_p10_20260928T110750.json,4,attraction,color_attraction,application,decision,6,same,same,True,2.378660202026367,False
p10,3,log_p10_20260928T110750.json,4,attraction,color_attraction,application,decision,7,same,same,True,3.0815796852111816,False
p10,3,log_p10_20260928T110750.json,4,attraction,color_attraction,application,decision,8,same,same,True,1.937004804611206,False
p10,3,log_p10_20260928T110750.json,5,occlusion,occlusion_reversal,inference,decision,1,same,same,True,2.982875347137451,False
p10,3,log_p10_20260928T110750.json,5,occlusion,rotate_180,inference,decision,2,different,different,True,3.0216753482818604,False
p10,3,log_p10_20260928T110750.json,5,occlusion,rotate_180,inference,decision,3,same,same,True,2.132903814315796,False
p10,3,log_p10_20260928T110750.json,5,occlusion,mirror_y,inference,decision,4,different,different,True,2.740044355392456,False
p10,3,log_p10_20260928T110750.json,5,occlusion,mirror_x,inference,decision,5,different,different,True,6.571236610412598,False
p10,3,log_p10_20260928T110750.json,5,occlusion,rotate_90,inference,decision,6,different,same,False,3.5551538467407227,False
p10,3,log_p10_20260928T110750.json,5,occlusion,rotate_90,inference,decision,7,same,same,True,3.130087375640869,False
p10,3,log_p10_20260928T110750.json,5,occlusion,rotate_90,inference,decision,8,same,same,True,1.8253378868103027,False
p10,4,log_p10_20260928T112613.json,1,arithmetic,majority_takeover,application,decision,1,different,different,True,3.0378904342651367,False
p10,4,log_p10_20260928T112613.json,1,arithmetic,middle_takeover,application,decision,2,same,same,True,3.7802517414093018,False
p10,4,log_p10_20260928T112613.json,1,arithmetic,middle_takeover,application,decision,3,same,same,True,4.4197022914886475,False
p10,4,log_p10_20260928T112613.json,1,arithmetic,minority_takeover,application,decision,4,different,different,True,3.5625247955322266,False
p10,4,log_p10_20260928T112613.json,1,arithmetic,middle_takeover,application,decision,5,same,same,True,5.778194904327393,False
p10,4,log_p10_20260928T112613.json,1,arithmetic,minority_takeover,application,decision,6,different,different,True,3.1211020946502686,False
p10,4,log_p10_20260928T112613.json,1,arithmetic,middle_takeover,application,decision,7,same,same,True,5.248330593109131,False
p10,4,log_p10_20260928T112613.json,1,arithmetic,minority_takeover,application,decision,8,different,different,True,5.031332015991211,False
p10,4,log_p10_20260928T112613.json,2,attraction,falling_blocks,inference,decision,1,different,different,True,2.8373165130615234,False
p10,4,log_p10_20260928T112613.json,2,attraction,falling_blocks,inference,decision,2,same,same,True,1.4283301830291748,False
p10,4,log_p10_20260928T112613.json,2,attraction,size_attraction,inference,decision,3,different,different,True,2.7716357707977295,False
p10,4,log_p10_20260928T112613.json,2,attraction,size_attraction,inference,decision,4,same,same,True,2.2745444774627686,False
p10,4,log_p10_20260928T112613.json,2,attraction,size_attraction,inference,decision,5,same,same,True,2.1222031116485596,False
p10,4,log_p10_20260928T112613.json,2,attraction,floating_blocks,inference,decision,6,different,different,True,2.1136083602905273,False
p10,4,log_p10_20260928T112613.json,2,attraction,color_attraction,inference,decision,7,different,different,True,3.400341749191284,False
p10,4,log_p10_20260928T112613.json,2,attraction,color_attraction,inference,decision,8,same,same,True,3.2716445922851562,False
p10,4,log_p10_20260928T112613.json,3,occlusion,occlusion_reversal,application,decision,1,same,same,True,3.6615829467773438,False
p10,4,log_p10_20260928T112613.json,3,occlusion,mirror_x,application,decision,2,different,different,True,1.8853256702423096,False
p10,4,log_p10_20260928T112613.json,3,occlusion,rotate_180,application,decision,3,different,different,True,1.8999826908111572,False
p10,4,log_p10_20260928T112613.json,3,occlusion,rotate_90,application,decision,4,different,different,True,1.4106707572937012,False
p10,4,log_p10_20260928T112613.json,3,occlusion,occlusion_reversal,application,decision,5,same,same,True,3.866175413131714,False
p10,4,log_p10_20260928T112613.json,3,occlusion,mirror_y,application,decision,6,different,different,True,3.2100186347961426,False
p10,4,log_p10_20260928T112613.json,3,occlusion,occlusion_reversal,application,decision,7,same,same,True,3.896784543991089,False
p10,4,log_p10_20260928T112613.json,3,occlusion,occlusion_reversal,application,decision,8,same,same,True,3.367696523666382,False
p10,4,log_p10_20260928T112613.json,4,expansion,star_ray,inference,decision,1,same,same,True,1.9256505966186523,False
p10,4,log_p10_20260928T112613.json,4,expansion,star_ray,inference,decision,2,same,same,True,1.740391731262207,False
p10,4,log_p10_20260928T112613.json,4,expansion,plus_ray,inference,decision,3,different,different,True,1.5479826927185059,False
p10,4,log_p10_20260928T112613.json,4,expansion,3_arm_star_ray,inference,decision,4,different,different,True,1.4274744987487793,False
p10,4,log_p10_20260928T112613.json,4,expansion,3_arm_star_ray,inference,decision,5,same,same,True,1.1142168045043945,False
p10,4,log_p10_20260928T112613.json,4,expansion,star_step,inference,decision,6,different,different,True,1.617508888244629,False
p10,4,log_p10_20260928T112613.json,4,expansion,plus_step,inference,decision,7,different,different,True,3.112901449203491,False
p10,4,log_p10_20260928T112613.json,4,expansion,plus_step,inference,decision,8,same,same,True,1.3276712894439697,False
p10,4,log_p10_20260928T112613.json,5,recolor,shape_color_mapping,application,decision,1,different,different,True,5.9016077518463135,False
p10,4,log_p10_20260928T112613.json,5,recolor,color_inversion,application,decision,2,same,different,False,7.748420238494873,False
p10,4,log_p10_20260928T112613.json,5,recolor,touching_edges_recolor,application,decision,3,different,different,True,6.46033787727356,False
p10,4,log_p10_20260928T112613.json,5,recolor,shape_color_mapping,application,decision,4,different,same,False,5.834927797317505,False
p10,4,log_p10_20260928T112613.json,5,recolor,color_inversion,application,decision,5,same,same,True,5.106121778488159,False
p10,4,log_p10_20260928T112613.json,5,recolor,shape_color_mapping,application,decision,6,different,different,True,3.4336585998535156,False
p10,4,log_p10_20260928T112613.json,5,recolor,color_inversion,application,decision,7,same,same,True,3.336914539337158,False
p10,4,log_p10_20260928T112613.json,5,recolor,color_inversion,application,decision,8,same,same,True,4.864706993103027,False
p10,5,log_p10_20260928T113549.json,1,arithmetic,minority_takeover,inference,decision,1,same,same,True,3.148414373397827,False
p10,5,log_p10_20260928T113549.json,1,arithmetic,minority_takeover,inference,decision,2,same,same,True,2.763512134552002,False
p10,5,log_p10_20260928T113549.json,1,arithmetic,middle_takeover,inference,decision,3,different,different,True,4.338725328445435,False
p10,5,log_p10_20260928T113549.json,1,arithmetic,majority_takeover,inference,decision,4,different,different,True,5.570273399353027,False
p10,5,log_p10_20260928T113549.json,1,arithmetic,majority_takeover,inference,decision,5,same,same,True,2.7134058475494385,False
p10,5,log_p10_20260928T113549.json,1,arithmetic,middle_takeover,inference,decision,6,different,different,True,4.360241889953613,False
p10,5,log_p10_20260928T113549.json,1,arithmetic,middle_takeover,inference,decision,7,same,same,True,3.9914088249206543,False
p10,5,log_p10_20260928T113549.json,1,arithmetic,minority_takeover,inference,decision,8,different,different,True,5.934575796127319,False
p10,5,log_p10_20260928T113549.json,2,recolor,color_inversion,application,decision,1,different,different,True,6.532834053039551,False
p10,5,log_p10_20260928T113549.json,2,recolor,touching_edges_recolor,application,decision,2,same,same,True,4.564675569534302,False
p10,5,log_p10_20260928T113549.json,2,recolor,touching_edges_recolor,application,decision,3,same,different,False,8.147173166275024,False
p10,5,log_p10_20260928T113549.json,2,recolor,shape_color_mapping,application,decision,4,different,different,True,4.897856712341309,False
p10,5,log_p10_20260928T113549.json,2,recolor,touching_edges_recolor,application,decision,5,same,same,True,5.409231424331665,False
p10,5,log_p10_20260928T113549.json,2,recolor,color_inversion,application,decision,6,different,same,False,3.7044517993927,False
p10,5,log_p10_20260928T113549.json,2,recolor,shape_color_mapping,application,decision,7,different,different,True,3.719637393951416,False
p10,5,log_p10_20260928T113549.json,2,recolor,touching_edges_recolor,application,decision,8,same,same,True,3.6469814777374268,False
p10,5,log_p10_20260928T113549.json,3,occlusion,rotate_180,inference,decision,1,same,same,True,4.196902751922607,False
p10,5,log_p10_20260928T113549.json,3,occlusion,occlusion_reversal,inference,decision,2,different,different,True,2.70064640045166,False
p10,5,log_p10_20260928T113549.json,3,occlusion,mirror_y,inference,decision,3,different,different,True,3.234865188598633,False
p10,5,log_p10_20260928T113549.json,3,occlusion,mirror_x,inference,decision,4,different,different,True,3.898714065551758,False
p10,5,log_p10_20260928T113549.json,3,occlusion,mirror_x,inference,decision,5,same,same,True,2.417837381362915,False
p10,5,log_p10_20260928T113549.json,3,occlusion,mirror_x,inference,decision,6,same,same,True,3.9766123294830322,False
p10,5,log_p10_20260928T113549.json,3,occlusion,rotate_90,inference,decision,7,different,different,True,4.375950336456299,False
p10,5,log_p10_20260928T113549.json,3,occlusion,rotate_90,inference,decision,8,same,same,True,2.159557342529297,False
p10,5,log_p10_20260928T113549.json,4,attraction,color_repulsion,application,decision,1,different,different,True,3.1088051795959473,False
p10,5,log_p10_20260928T113549.json,4,attraction,color_attraction,application,decision,2,same,same,True,2.0197558403015137,False
p10,5,log_p10_20260928T113549.json,4,attraction,color_attraction,application,decision,3,same,same,True,1.3389546871185303,False
p10,5,log_p10_20260928T113549.json,4,attraction,color_attraction,application,decision,4,same,same,True,1.5621695518493652,False
p10,5,log_p10_20260928T113549.json,4,attraction,falling_blocks,application,decision,5,different,different,True,1.6655492782592773,False
p10,5,log_p10_20260928T113549.json,4,attraction,size_attraction,application,decision,6,different,same,False,2.944638729095459,False
p10,5,log_p10_20260928T113549.json,4,attraction,floating_blocks,application,decision,7,different,different,True,1.7998132705688477,False
p10,5,log_p10_20260928T113549.json,4,attraction,color_attraction,application,decision,8,same,same,True,1.5830082893371582,False
p10,5,log_p10_20260928T113549.json,5,expansion,star_step,inference,decision,1,different,different,True,1.677222490310669,False
p10,5,log_p10_20260928T113549.json,5,expansion,plus_step,inference,decision,2,different,different,True,1.1721861362457275,False
p10,5,log_p10_20260928T113549.json,5,expansion,plus_step,inference,decision,3,same,same,True,1.5955171585083008,False
p10,5,log_p10_20260928T113549.json,5,expansion,plus_step,inference,decision,4,same,same,True,1.8908672332763672,False
p10,5,log_p10_20260928T113549.json,5,expansion,star_ray,inference,decision,5,different,different,True,1.2415955066680908,False
p10,5,log_p10_20260928T113549.json,5,expansion,star_ray,inference,decision,6,same,same,True,1.872769832611084,False
p10,5,log_p10_20260928T113549.json,5,expansion,star_ray,inference,decision,7,same,same,True,2.104534149169922,False
p10,5,log_p10_20260928T113549.json,5,expansion,3_arm_star_ray,inference,decision,8,different,different,True,1.3589253425598145,False
p10,6,log_p10_20260928T114541.json,1,expansion,star_ray,application,decision,1,different,different,True,1.250549077987671,False
p10,6,log_p10_20260928T114541.json,1,expansion,plus_step,application,decision,2,different,different,True,1.2254207134246826,False
p10,6,log_p10_20260928T114541.json,1,expansion,star_step,application,decision,3,same,same,True,1.7288727760314941,False
p10,6,log_p10_20260928T114541.json,1,expansion,3_arm_star_ray,application,decision,4,different,different,True,1.6400647163391113,False
p10,6,log_p10_20260928T114541.json,1,expansion,star_step,application,decision,5,same,same,True,1.0389471054077148,False
p10,6,log_p10_20260928T114541.json,1,expansion,star_step,application,decision,6,same,same,True,1.182105541229248,False
p10,6,log_p10_20260928T114541.json,1,expansion,plus_ray,application,decision,7,different,different,True,1.0378153324127197,False
p10,6,log_p10_20260928T114541.json,1,expansion,star_step,application,decision,8,same,same,True,2.0765724182128906,False
p10,6,log_p10_20260928T114541.json,2,attraction,color_attraction,inference,decision,1,different,same,False,2.146484136581421,False
p10,6,log_p10_20260928T114541.json,2,attraction,color_attraction,inference,decision,2,same,same,True,1.754436731338501,False
p10,6,log_p10_20260928T114541.json,2,attraction,size_attraction,inference,decision,3,different,same,False,2.4887020587921143,False
p10,6,log_p10_20260928T114541.json,2,attraction,size_attraction,inference,decision,4,same,same,True,2.576148271560669,False
p10,6,log_p10_20260928T114541.json,2,attraction,size_attraction,inference,decision,5,same,same,True,3.0075619220733643,False
p10,6,log_p10_20260928T114541.json,2,attraction,size_attraction,inference,decision,6,same,same,True,1.8622798919677734,False
p10,6,log_p10_20260928T114541.json,2,attraction,falling_blocks,inference,decision,7,different,different,True,2.06203293800354,False
p10,6,log_p10_20260928T114541.json,2,attraction,floating_blocks,inference,decision,8,different,different,True,1.8132402896881104,False
p10,6,log_p10_20260928T114541.json,3,arithmetic,middle_takeover,application,decision,1,same,same,True,2.2508885860443115,False
p10,6,log_p10_20260928T114541.json,3,arithmetic,middle_takeover,application,decision,2,same,different,False,4.12999415397644,False
p10,6,log_p10_20260928T114541.json,3,arithmetic,majority_takeover,application,decision,3,different,different,True,3.664869546890259,False
p10,6,log_p10_20260928T114541.json,3,arithmetic,minority_takeover,application,decision,4,different,different,True,2.784454345703125,False
p10,6,log_p10_20260928T114541.json,3,arithmetic,majority_takeover,application,decision,5,different,different,True,2.823193311691284,False
p10,6,log_p10_20260928T114541.json,3,arithmetic,middle_takeover,application,decision,6,same,same,True,4.64696741104126,False
p10,6,log_p10_20260928T114541.json,3,arithmetic,minority_takeover,application,decision,7,different,different,True,3.4621946811676025,False
p10,6,log_p10_20260928T114541.json,3,arithmetic,middle_takeover,application,decision,8,same,same,True,3.004909038543701,False
p10,6,log_p10_20260928T114541.json,4,recolor,touching_edges_recolor,inference,decision,1,same,same,True,3.482788324356079,False
p10,6,log_p10_20260928T114541.json,4,recolor,shape_color_mapping,inference,decision,2,different,different,True,6.713805198669434,False
p10,6,log_p10_20260928T114541.json,4,recolor,color_inversion,inference,decision,3,different,same,False,2.2810940742492676,False
p10,6,log_p10_20260928T114541.json,4,recolor,color_inversion,inference,decision,4,same,same,True,1.7683444023132324,False
p10,6,log_p10_20260928T114541.json,4,recolor,color_inversion,inference,decision,5,same,same,True,2.8797824382781982,False
p10,6,log_p10_20260928T114541.json,4,recolor,color_inversion,inference,decision,6,same,same,True,4.590912342071533,False
p10,6,log_p10_20260928T114541.json,4,recolor,touching_edges_recolor,inference,decision,7,different,same,False,4.309805870056152,False
p10,6,log_p10_20260928T114541.json,4,recolor,color_inversion,inference,decision,8,different,same,False,4.365333557128906,False
p10,6,log_p10_20260928T114541.json,5,occlusion,rotate_90,application,decision,1,same,same,True,3.194572687149048,False
p10,6,log_p10_20260928T114541.json,5,occlusion,rotate_90,application,decision,2,same,same,True,1.866847038269043,False
p10,6,log_p10_20260928T114541.json,5,occlusion,mirror_x,application,decision,3,different,different,True,8.49752426147461,False
p10,6,log_p10_20260928T114541.json,5,occlusion,rotate_90,application,decision,4,same,same,True,3.6808242797851562,False
p10,6,log_p10_20260928T114541.json,5,occlusion,rotate_90,application,decision,5,same,same,True,2.127448797225952,False
p10,6,log_p10_20260928T114541.json,5,occlusion,mirror_y,application,decision,6,different,different,True,3.9272451400756836,False
p10,6,log_p10_20260928T114541.json,5,occlusion,rotate_180,application,decision,7,different,same,False,7.982043504714966,False
p10,6,log_p10_20260928T114541.json,5,occlusion,occlusion_reversal,application,decision,8,different,different,True,3.7730634212493896,False
p10,7,log_p10_20260928T115643.json,1,recolor,shape_color_mapping,inference,decision,1,different,different,True,6.208853483200073,False
p10,7,log_p10_20260928T115643.json,1,recolor,shape_color_mapping,inference,decision,2,same,same,True,3.4565577507019043,False
p10,7,log_p10_20260928T115643.json,1,recolor,shape_color_mapping,inference,decision,3,same,same,True,3.087878704071045,False
p10,7,log_p10_20260928T115643.json,1,recolor,shape_color_mapping,inference,decision,4,same,same,True,3.8708925247192383,False
p10,7,log_p10_20260928T115643.json,1,recolor,touching_edges_recolor,inference,decision,5,different,different,True,4.614253044128418,False
p10,7,log_p10_20260928T115643.json,1,recolor,touching_edges_recolor,inference,decision,6,same,same,True,3.5817453861236572,False
p10,7,log_p10_20260928T115643.json,1,recolor,color_inversion,inference,decision,7,different,different,True,3.908416509628296,False
p10,7,log_p10_20260928T115643.json,1,recolor,shape_color_mapping,inference,decision,8,different,different,True,4.507705450057983,False
p10,7,log_p10_20260928T115643.json,2,arithmetic,middle_takeover,application,decision,1,same,same,True,4.153430223464966,False
p10,7,log_p10_20260928T115643.json,2,arithmetic,middle_takeover,application,decision,2,same,same,True,2.8649609088897705,False
p10,7,log_p10_20260928T115643.json,2,arithmetic,minority_takeover,application,decision,3,different,different,True,2.896165370941162,False
p10,7,log_p10_20260928T115643.json,2,arithmetic,middle_takeover,application,decision,4,same,same,True,4.334977388381958,False
p10,7,log_p10_20260928T115643.json,2,arithmetic,middle_takeover,application,decision,5,same,same,True,3.0221424102783203,False
p10,7,log_p10_20260928T115643.json,2,arithmetic,majority_takeover,application,decision,6,different,different,True,4.3254313468933105,False
p10,7,log_p10_20260928T115643.json,2,arithmetic,majority_takeover,application,decision,7,different,different,True,8.420606136322021,False
p10,7,log_p10_20260928T115643.json,2,arithmetic,majority_takeover,application,decision,8,different,different,True,5.891742467880249,False
p10,7,log_p10_20260928T115643.json,3,attraction,falling_blocks,inference,decision,1,same,same,True,2.249420642852783,False
p10,7,log_p10_20260928T115643.json,3,attraction,falling_blocks,inference,decision,2,same,same,True,1.8089730739593506,False
p10,7,log_p10_20260928T115643.json,3,attraction,size_attraction,inference,decision,3,different,different,True,2.472379207611084,False
p10,7,log_p10_20260928T115643.json,3,attraction,size_attraction,inference,decision,4,same,same,True,2.447430372238159,False
p10,7,log_p10_20260928T115643.json,3,attraction,color_repulsion,inference,decision,5,different,different,True,3.95839786529541,False
p10,7,log_p10_20260928T115643.json,3,attraction,floating_blocks,inference,decision,6,different,different,True,4.605917453765869,False
p10,7,log_p10_20260928T115643.json,3,attraction,color_attraction,inference,decision,7,different,different,True,3.3728175163269043,False
p10,7,log_p10_20260928T115643.json,3,attraction,color_attraction,inference,decision,8,same,same,True,2.131955623626709,False
p10,7,log_p10_20260928T115643.json,4,occlusion,occlusion_reversal,application,decision,1,same,same,True,1.9533050060272217,False
p10,7,log_p10_20260928T115643.json,4,occlusion,occlusion_reversal,application,decision,2,same,same,True,1.1368446350097656,False
p10,7,log_p10_20260928T115643.json,4,occlusion,mirror_x,application,decision,3,different,different,True,3.0641331672668457,False
p10,7,log_p10_20260928T115643.json,4,occlusion,rotate_180,application,decision,4,different,different,True,3.3512799739837646,False
p10,7,log_p10_20260928T115643.json,4,occlusion,rotate_90,application,decision,5,different,different,True,2.5747084617614746,False
p10,7,log_p10_20260928T115643.json,4,occlusion,occlusion_reversal,application,decision,6,same,same,True,2.47769832611084,False
p10,7,log_p10_20260928T115643.json,4,occlusion,mirror_y,application,decision,7,different,different,True,1.3732941150665283,False
p10,7,log_p10_20260928T115643.json,4,occlusion,occlusion_reversal,application,decision,8,same,same,True,1.4521725177764893,False
p10,7,log_p10_20260928T115643.json,5,expansion,star_ray,inference,decision,1,same,same,True,1.8182389736175537,False
p10,7,log_p10_20260928T115643.json,5,expansion,3_arm_star_ray,inference,decision,2,different,different,True,1.4252536296844482,False
p10,7,log_p10_20260928T115643.json,5,expansion,3_arm_star_ray,inference,decision,3,same,same,True,1.3201212882995605,False
p10,7,log_p10_20260928T115643.json,5,expansion,3_arm_star_ray,inference,decision,4,same,same,True,2.3753089904785156,False
p10,7,log_p10_20260928T115643.json,5,expansion,star_step,inference,decision,5,different,different,True,1.5833687782287598,False
p10,7,log_p10_20260928T115643.json,5,expansion,plus_step,inference,decision,6,different,different,True,1.4860739707946777,False
p10,7,log_p10_20260928T115643.json,5,expansion,plus_ray,inference,decision,7,different,different,True,1.733079433441162,False
p10,7,log_p10_20260928T115643.json,5,expansion,plus_ray,inference,decision,8,same,same,True,1.1641876697540283,False
p10,8,log_p10_20260928T120611.json,1,attraction,falling_blocks,application,decision,1,different,different,True,2.491227388381958,False
p10,8,log_p10_20260928T120611.json,1,attraction,floating_blocks,application,decision,2,different,different,True,1.1545462608337402,False
p10,8,log_p10_20260928T120611.json,1,attraction,size_attraction,application,decision,3,same,same,True,1.3217978477478027,False
p10,8,log_p10_20260928T120611.json,1,attraction,size_attraction,application,decision,4,same,same,True,1.4089841842651367,False
p10,8,log_p10_20260928T120611.json,1,attraction,color_attraction,application,decision,5,different,same,False,2.0001590251922607,False
p10,8,log_p10_20260928T120611.json,1,attraction,size_attraction,application,decision,6,same,same,True,1.6474943161010742,False
p10,8,log_p10_20260928T120611.json,1,attraction,color_repulsion,application,decision,7,different,different,True,5.615190029144287,False
p10,8,log_p10_20260928T120611.json,1,attraction,size_attraction,application,decision,8,same,same,True,3.40579891204834,False
p10,8,log_p10_20260928T120611.json,2,occlusion,occlusion_reversal,inference,decision,1,different,different,True,3.3479056358337402,False
p10,8,log_p10_20260928T120611.json,2,occlusion,rotate_180,inference,decision,2,different,different,True,4.450752258300781,False
p10,8,log_p10_20260928T120611.json,2,occlusion,rotate_180,inference,decision,3,same,same,True,5.242236852645874,False
p10,8,log_p10_20260928T120611.json,2,occlusion,rotate_180,inference,decision,4,same,same,True,3.45776104927063,False
p10,8,log_p10_20260928T120611.json,2,occlusion,mirror_y,inference,decision,5,different,different,True,2.625054121017456,False
p10,8,log_p10_20260928T120611.json,2,occlusion,mirror_y,inference,decision,6,same,same,True,2.071965217590332,False
p10,8,log_p10_20260928T120611.json,2,occlusion,mirror_y,inference,decision,7,same,same,True,1.7512333393096924,False
p10,8,log_p10_20260928T120611.json,2,occlusion,rotate_90,inference,decision,8,different,different,True,2.7738521099090576,False
p10,8,log_p10_20260928T120611.json,3,recolor,color_inversion,application,decision,1,different,same,False,8.260124921798706,False
p10,8,log_p10_20260928T120611.json,3,recolor,touching_edges_recolor,application,decision,2,different,different,True,2.2109336853027344,False
p10,8,log_p10_20260928T120611.json,3,recolor,touching_edges_recolor,application,decision,3,different,different,True,1.8822779655456543,False
p10,8,log_p10_20260928T120611.json,3,recolor,shape_color_mapping,application,decision,4,same,same,True,2.321913003921509,False
p10,8,log_p10_20260928T120611.json,3,recolor,shape_color_mapping,application,decision,5,same,same,True,2.776540517807007,False
p10,8,log_p10_20260928T120611.json,3,recolor,shape_color_mapping,application,decision,6,same,same,True,3.600050449371338,False
p10,8,log_p10_20260928T120611.json,3,recolor,touching_edges_recolor,application,decision,7,different,different,True,2.6389753818511963,False
p10,8,log_p10_20260928T120611.json,3,recolor,shape_color_mapping,application,decision,8,same,same,True,6.198413848876953,False
p10,8,log_p10_20260928T120611.json,4,arithmetic,majority_takeover,inference,decision,1,same,same,True,3.6924664974212646,False
p10,8,log_p10_20260928T120611.json,4,arithmetic,middle_takeover,inference,decision,2,different,different,True,4.451442718505859,False
p10,8,log_p10_20260928T120611.json,4,arithmetic,middle_takeover,inference,decision,3,same,same,True,4.450369358062744,False
p10,8,log_p10_20260928T120611.json,4,arithmetic,minority_takeover,inference,decision,4,different,different,True,3.0977327823638916,False
p10,8,log_p10_20260928T120611.json,4,arithmetic,middle_takeover,inference,decision,5,different,different,True,4.560489654541016,False
p10,8,log_p10_20260928T120611.json,4,arithmetic,middle_takeover,inference,decision,6,same,same,True,4.407766342163086,False
p10,8,log_p10_20260928T120611.json,4,arithmetic,majority_takeover,inference,decision,7,different,different,True,3.8150486946105957,False
p10,8,log_p10_20260928T120611.json,4,arithmetic,majority_takeover,inference,decision,8,same,same,True,2.9429688453674316,False
p10,8,log_p10_20260928T120611.json,5,expansion,plus_ray,application,decision,1,different,different,True,1.2763049602508545,False
p10,8,log_p10_20260928T120611.json,5,expansion,plus_step,application,decision,2,different,different,True,1.115544080734253,False
p10,8,log_p10_20260928T120611.json,5,expansion,star_step,application,decision,3,different,different,True,1.890556812286377,False
p10,8,log_p10_20260928T120611.json,5,expansion,3_arm_star_ray,application,decision,4,same,same,True,1.4337482452392578,False
p10,8,log_p10_20260928T120611.json,5,expansion,3_arm_star_ray,application,decision,5,same,same,True,1.4974877834320068,False
p10,8,log_p10_20260928T120611.json,5,expansion,star_ray,application,decision,6,different,different,True,1.2722396850585938,False
p10,8,log_p10_20260928T120611.json,5,expansion,3_arm_star_ray,application,decision,7,same,same,True,1.3272488117218018,False
p10,8,log_p10_20260928T120611.json,5,expansion,3_arm_star_ray,application,decision,8,same,same,True,1.446446180343628,False
